/*
MySQL Backup
Source Server Version: 5.7.19
Source Database: hotel
Date: 2020/10/21 01:51:12
*/

SET FOREIGN_KEY_CHECKS=0;

-- ----------------------------
--  Table structure for `oms_order`
-- ----------------------------
DROP TABLE IF EXISTS `oms_order`;
CREATE TABLE `oms_order` (
  `id` bigint(20) NOT NULL AUTO_INCREMENT COMMENT '订单id',
  `order_sn` varchar(64) DEFAULT NULL COMMENT '订单编号',
  `create_time` datetime DEFAULT NULL COMMENT '提交时间',
  `username` varchar(255) DEFAULT NULL COMMENT '用户账号',
  `pay_amount` decimal(10,2) DEFAULT NULL COMMENT '应付金额（实际支付金额）',
  `pay_type` int(1) DEFAULT NULL COMMENT '支付方式：0->未支付；1->支付宝；2->微信，3->现金',
  `source_type` int(1) DEFAULT NULL COMMENT '订单来源：0->PC订单；1->app订单，2->线下订单',
  `status` int(1) DEFAULT '0' COMMENT '订单状态：0->未付款；1->已付款；',
  `order_type` int(1) DEFAULT '0' COMMENT '订单类型：0->正常订单；1->秒杀订单',
  `note` varchar(500) DEFAULT NULL COMMENT '订单备注',
  `payment_time` datetime DEFAULT NULL COMMENT '支付时间',
  `comment_time` datetime DEFAULT NULL COMMENT '评价时间',
  `modify_time` datetime DEFAULT NULL COMMENT '修改时间',
  `room_name` varchar(255) DEFAULT NULL COMMENT '房间名',
  `floor` varchar(255) DEFAULT NULL COMMENT '楼层号',
  `serial` varchar(255) DEFAULT NULL COMMENT '房间号',
  `pic` varchar(255) DEFAULT NULL COMMENT '房间图片',
  PRIMARY KEY (`id`)
) ENGINE=InnoDB AUTO_INCREMENT=33 DEFAULT CHARSET=utf8 COMMENT='订单表';

-- ----------------------------
--  Table structure for `rms_room`
-- ----------------------------
DROP TABLE IF EXISTS `rms_room`;
CREATE TABLE `rms_room` (
  `id` bigint(20) NOT NULL AUTO_INCREMENT COMMENT '房间id',
  `name` varchar(255) NOT NULL COMMENT '房间名',
  `status` int(1) DEFAULT '1' COMMENT '房间状态(0-不可用/1-空闲)',
  `clean` int(1) DEFAULT '2' COMMENT '清洁状态(0-未清洁，1-清洁中，2-已清洁)',
  `maintenance` int(1) DEFAULT '2' COMMENT '维修状态(0-未维修，1-维修中，2-维修完成)',
  `description` varchar(255) DEFAULT NULL COMMENT '房间描述',
  `floor` varchar(255) DEFAULT NULL COMMENT '楼层数',
  `serial` varchar(255) DEFAULT NULL COMMENT '房间序号',
  `sort` bigint(20) DEFAULT '0' COMMENT '排序号',
  `price` decimal(10,2) NOT NULL COMMENT '房间价格',
  `pic` varchar(255) DEFAULT NULL COMMENT '房间图片地址',
  PRIMARY KEY (`id`)
) ENGINE=InnoDB AUTO_INCREMENT=5 DEFAULT CHARSET=utf8;

-- ----------------------------
--  Table structure for `ums_admin`
-- ----------------------------
DROP TABLE IF EXISTS `ums_admin`;
CREATE TABLE `ums_admin` (
  `id` bigint(20) NOT NULL AUTO_INCREMENT,
  `username` varchar(64) DEFAULT NULL,
  `password` varchar(64) DEFAULT NULL,
  `icon` varchar(500) DEFAULT NULL COMMENT '头像',
  `email` varchar(100) DEFAULT NULL COMMENT '邮箱',
  `nick_name` varchar(200) DEFAULT NULL COMMENT '昵称',
  `note` varchar(500) DEFAULT NULL COMMENT '备注信息',
  `create_time` datetime DEFAULT NULL COMMENT '创建时间',
  `login_time` datetime DEFAULT NULL COMMENT '最后登录时间',
  `status` int(1) DEFAULT '1' COMMENT '帐号启用状态：0->禁用；1->启用',
  `phone` varchar(255) DEFAULT NULL COMMENT '手机号',
  PRIMARY KEY (`id`),
  UNIQUE KEY `ums_admin_phone` (`phone`) USING BTREE
) ENGINE=InnoDB AUTO_INCREMENT=11 DEFAULT CHARSET=utf8 COMMENT='后台用户表';

-- ----------------------------
--  Table structure for `ums_admin_login_log`
-- ----------------------------
DROP TABLE IF EXISTS `ums_admin_login_log`;
CREATE TABLE `ums_admin_login_log` (
  `id` bigint(20) NOT NULL AUTO_INCREMENT,
  `admin_id` bigint(20) DEFAULT NULL,
  `create_time` datetime DEFAULT NULL,
  `ip` varchar(64) DEFAULT NULL,
  `address` varchar(100) DEFAULT NULL,
  `user_agent` varchar(100) DEFAULT NULL COMMENT '浏览器登录类型',
  PRIMARY KEY (`id`)
) ENGINE=InnoDB AUTO_INCREMENT=230 DEFAULT CHARSET=utf8 COMMENT='后台用户登录日志表';

-- ----------------------------
--  Table structure for `ums_admin_role_relation`
-- ----------------------------
DROP TABLE IF EXISTS `ums_admin_role_relation`;
CREATE TABLE `ums_admin_role_relation` (
  `id` bigint(20) NOT NULL AUTO_INCREMENT,
  `admin_id` bigint(20) DEFAULT NULL,
  `role_id` bigint(20) DEFAULT NULL,
  PRIMARY KEY (`id`)
) ENGINE=InnoDB AUTO_INCREMENT=32 DEFAULT CHARSET=utf8 COMMENT='后台用户和角色关系表';

-- ----------------------------
--  Table structure for `ums_menu`
-- ----------------------------
DROP TABLE IF EXISTS `ums_menu`;
CREATE TABLE `ums_menu` (
  `id` bigint(20) NOT NULL AUTO_INCREMENT,
  `parent_id` bigint(20) DEFAULT NULL COMMENT '父级ID',
  `create_time` datetime DEFAULT NULL COMMENT '创建时间',
  `title` varchar(100) DEFAULT NULL COMMENT '菜单名称',
  `level` int(4) DEFAULT NULL COMMENT '菜单级数',
  `sort` int(4) DEFAULT NULL COMMENT '菜单排序',
  `name` varchar(100) DEFAULT NULL COMMENT '前端名称',
  `icon` varchar(200) DEFAULT NULL COMMENT '前端图标',
  `hidden` int(1) DEFAULT NULL COMMENT '前端隐藏',
  PRIMARY KEY (`id`)
) ENGINE=InnoDB AUTO_INCREMENT=36 DEFAULT CHARSET=utf8 COMMENT='后台菜单表';

-- ----------------------------
--  Table structure for `ums_resource`
-- ----------------------------
DROP TABLE IF EXISTS `ums_resource`;
CREATE TABLE `ums_resource` (
  `id` bigint(20) NOT NULL AUTO_INCREMENT,
  `create_time` datetime DEFAULT NULL COMMENT '创建时间',
  `name` varchar(200) DEFAULT NULL COMMENT '资源名称',
  `url` varchar(200) DEFAULT NULL COMMENT '资源URL',
  `description` varchar(500) DEFAULT NULL COMMENT '描述',
  `category_id` bigint(20) DEFAULT NULL COMMENT '资源分类ID',
  PRIMARY KEY (`id`)
) ENGINE=InnoDB AUTO_INCREMENT=34 DEFAULT CHARSET=utf8 COMMENT='后台资源表';

-- ----------------------------
--  Table structure for `ums_resource_category`
-- ----------------------------
DROP TABLE IF EXISTS `ums_resource_category`;
CREATE TABLE `ums_resource_category` (
  `id` bigint(20) NOT NULL AUTO_INCREMENT,
  `create_time` datetime DEFAULT NULL COMMENT '创建时间',
  `name` varchar(200) DEFAULT NULL COMMENT '分类名称',
  `sort` int(4) DEFAULT NULL COMMENT '排序',
  PRIMARY KEY (`id`)
) ENGINE=InnoDB AUTO_INCREMENT=9 DEFAULT CHARSET=utf8 COMMENT='资源分类表';

-- ----------------------------
--  Table structure for `ums_role`
-- ----------------------------
DROP TABLE IF EXISTS `ums_role`;
CREATE TABLE `ums_role` (
  `id` bigint(20) NOT NULL AUTO_INCREMENT,
  `name` varchar(100) DEFAULT NULL COMMENT '名称',
  `description` varchar(500) DEFAULT NULL COMMENT '描述',
  `admin_count` int(11) DEFAULT NULL COMMENT '后台用户数量',
  `create_time` datetime DEFAULT NULL COMMENT '创建时间',
  `status` int(1) DEFAULT '1' COMMENT '启用状态：0->禁用；1->启用',
  `sort` int(11) DEFAULT '0',
  PRIMARY KEY (`id`)
) ENGINE=InnoDB AUTO_INCREMENT=10 DEFAULT CHARSET=utf8 COMMENT='后台用户角色表';

-- ----------------------------
--  Table structure for `ums_role_menu_relation`
-- ----------------------------
DROP TABLE IF EXISTS `ums_role_menu_relation`;
CREATE TABLE `ums_role_menu_relation` (
  `id` bigint(20) NOT NULL AUTO_INCREMENT,
  `role_id` bigint(20) DEFAULT NULL COMMENT '角色ID',
  `menu_id` bigint(20) DEFAULT NULL COMMENT '菜单ID',
  PRIMARY KEY (`id`)
) ENGINE=InnoDB AUTO_INCREMENT=608 DEFAULT CHARSET=utf8 COMMENT='后台角色菜单关系表';

-- ----------------------------
--  Table structure for `ums_role_resource_relation`
-- ----------------------------
DROP TABLE IF EXISTS `ums_role_resource_relation`;
CREATE TABLE `ums_role_resource_relation` (
  `id` bigint(20) NOT NULL AUTO_INCREMENT,
  `role_id` bigint(20) DEFAULT NULL COMMENT '角色ID',
  `resource_id` bigint(20) DEFAULT NULL COMMENT '资源ID',
  PRIMARY KEY (`id`)
) ENGINE=InnoDB AUTO_INCREMENT=402 DEFAULT CHARSET=utf8 COMMENT='后台角色资源关系表';

-- ----------------------------
--  Records 
-- ----------------------------
INSERT INTO `oms_order` VALUES ('31','adminTue Oct 20 23:45:04 CST 2020','2020-10-20 15:45:04','admin','100.12',NULL,'0','0','0','demoData',NULL,NULL,NULL,NULL,NULL,NULL,NULL), ('32','admin1603208813955','2020-10-20 15:46:54','admin','100.12',NULL,'0','0','0','demoData',NULL,NULL,NULL,NULL,NULL,NULL,NULL);
INSERT INTO `rms_room` VALUES ('1','双人房','1','2','2','双人床，有窗，单独','1','000101','0','10000.00','http://macro-oss.oss-cn-shenzhen.aliyuncs.com/mall/images/20180607/5ab46a3cN616bdc41.jpg,http://macro-oss.oss-cn-shenzhen.aliyuncs.com/mall/images/20180607/5ac1bf5fN2522b9dc.jpg'), ('2','3','0','0','0',NULL,'2','2','0','0.00','http://127.0.0.1:9000/hotel/20201018/header.jpg,http://127.0.0.1:9000/hotel/20201018/header.jpg'), ('3','111','1','1','1','1','1','1','1','1.00','http://127.0.0.1:9000/hotel/20201018/header.jpg,http://127.0.0.1:9000/hotel/20201018/41412-106.jpg'), ('4','333','1','1','1',NULL,'2','2','1','2.00','http://127.0.0.1:9000/hotel/20201018/75888-106.jpg');
INSERT INTO `ums_admin` VALUES ('1','test','$2a$10$ZLWLW6rS0HB9R9BAglIIx.4JcCg39ln/N7FglDRgVX8fTWn0UQtJi','http://macro-oss.oss-cn-shenzhen.aliyuncs.com/mall/images/20180607/timg.jpg','test@qq.com','测试账号',NULL,'2018-09-29 13:55:30','2018-09-29 13:55:39','1',NULL), ('3','admin','$2a$10$qxvL1ojiBaNut8VgN7gh8eYSqHjjBWzB2y8pq6ahKHAuLhkWheaNW','http://macro-oss.oss-cn-shenzhen.aliyuncs.com/mall/images/20180607/timg.jpg','admin@163.com','系统管理员','系统管理员','2018-10-08 13:32:47','2019-04-20 12:45:16','1',NULL), ('4','macro','$2a$10$Bx4jZPR7GhEpIQfefDQtVeS58GfT5n6mxs/b4nLLK65eMFa16topa','string','macro@qq.com','macro','macro专用','2019-10-06 15:53:51','2020-02-03 14:55:55','1',NULL), ('6','productAdmin','$2a$10$RGazHaYXgihzOtfc113c3.kTse7wei12gcsig8lnAOJrGbC.I6fxO',NULL,'product@qq.com','商品管理员','只有商品权限','2020-02-07 16:15:08',NULL,'1',NULL), ('7','orderAdmin','$2a$10$jvbQgK.lNx5VGJwwzW76k.l3vI6POvwFf6n0hYd.8lQkPFxECgun.',NULL,'order@qq.com','订单管理员','只有订单管理权限','2020-02-07 16:15:50',NULL,'1',NULL), ('10','123','$2a$10$C4dGiGPVjWbSRUfJ3.SajeasvEbQmUE53ZKDHk.7m8CZop.FIgtWO',NULL,'1462541756@qq.com','123',NULL,'2020-10-19 17:08:51',NULL,'1',NULL);
INSERT INTO `ums_admin_login_log` VALUES ('1','3','2018-12-23 14:27:00','0:0:0:0:0:0:0:1',NULL,NULL), ('2','3','2019-04-07 16:04:39','0:0:0:0:0:0:0:1',NULL,NULL), ('3','3','2019-04-08 21:47:52','0:0:0:0:0:0:0:1',NULL,NULL), ('4','3','2019-04-08 21:48:18','0:0:0:0:0:0:0:1',NULL,NULL), ('5','3','2019-04-18 22:18:40','0:0:0:0:0:0:0:1',NULL,NULL), ('6','3','2019-04-20 12:45:16','0:0:0:0:0:0:0:1',NULL,NULL), ('7','3','2019-05-19 14:52:12','0:0:0:0:0:0:0:1',NULL,NULL), ('8','3','2019-05-25 15:00:17','0:0:0:0:0:0:0:1',NULL,NULL), ('9','3','2019-06-19 20:11:42','0:0:0:0:0:0:0:1',NULL,NULL), ('10','3','2019-06-30 10:33:48','0:0:0:0:0:0:0:1',NULL,NULL), ('11','3','2019-06-30 10:34:31','0:0:0:0:0:0:0:1',NULL,NULL), ('12','3','2019-06-30 10:35:34','0:0:0:0:0:0:0:1',NULL,NULL), ('13','3','2019-07-27 17:11:01','0:0:0:0:0:0:0:1',NULL,NULL), ('14','3','2019-07-27 17:13:18','0:0:0:0:0:0:0:1',NULL,NULL), ('15','3','2019-07-27 17:15:35','0:0:0:0:0:0:0:1',NULL,NULL), ('16','3','2019-07-27 17:17:11','0:0:0:0:0:0:0:1',NULL,NULL), ('17','3','2019-07-27 17:18:34','0:0:0:0:0:0:0:1',NULL,NULL), ('18','3','2019-07-27 21:21:52','0:0:0:0:0:0:0:1',NULL,NULL), ('19','3','2019-07-27 21:34:29','0:0:0:0:0:0:0:1',NULL,NULL), ('20','3','2019-07-27 21:35:17','0:0:0:0:0:0:0:1',NULL,NULL), ('21','3','2019-07-27 21:35:48','0:0:0:0:0:0:0:1',NULL,NULL), ('22','3','2019-07-27 21:40:33','0:0:0:0:0:0:0:1',NULL,NULL), ('23','3','2019-08-18 16:00:38','0:0:0:0:0:0:0:1',NULL,NULL), ('24','3','2019-08-18 16:01:06','0:0:0:0:0:0:0:1',NULL,NULL), ('25','3','2019-08-18 16:47:01','0:0:0:0:0:0:0:1',NULL,NULL), ('26','3','2019-10-06 15:54:23','0:0:0:0:0:0:0:1',NULL,NULL), ('27','3','2019-10-06 16:03:28','0:0:0:0:0:0:0:1',NULL,NULL), ('28','3','2019-10-06 16:04:51','0:0:0:0:0:0:0:1',NULL,NULL), ('29','3','2019-10-06 16:06:44','0:0:0:0:0:0:0:1',NULL,NULL), ('30','3','2019-10-06 16:14:51','0:0:0:0:0:0:0:1',NULL,NULL), ('31','1','2019-10-06 16:15:09','0:0:0:0:0:0:0:1',NULL,NULL), ('32','1','2019-10-06 16:16:14','0:0:0:0:0:0:0:1',NULL,NULL), ('33','3','2019-10-06 16:16:35','0:0:0:0:0:0:0:1',NULL,NULL), ('34','3','2019-10-06 16:16:42','0:0:0:0:0:0:0:1',NULL,NULL), ('35','3','2019-10-07 15:20:48','0:0:0:0:0:0:0:1',NULL,NULL), ('36','3','2019-10-07 15:40:07','0:0:0:0:0:0:0:1',NULL,NULL), ('37','3','2019-10-07 16:34:15','0:0:0:0:0:0:0:1',NULL,NULL), ('38','3','2019-10-09 21:19:08','0:0:0:0:0:0:0:1',NULL,NULL), ('39','4','2019-10-09 21:30:35','0:0:0:0:0:0:0:1',NULL,NULL), ('40','4','2019-10-09 21:31:30','0:0:0:0:0:0:0:1',NULL,NULL), ('41','4','2019-10-09 21:32:39','0:0:0:0:0:0:0:1',NULL,NULL), ('42','4','2019-10-09 21:33:27','0:0:0:0:0:0:0:1',NULL,NULL), ('43','4','2019-10-09 21:33:50','0:0:0:0:0:0:0:1',NULL,NULL), ('44','3','2019-10-20 16:02:53','0:0:0:0:0:0:0:1',NULL,NULL), ('45','3','2019-10-23 21:20:55','0:0:0:0:0:0:0:1',NULL,NULL), ('46','3','2019-10-27 21:41:45','0:0:0:0:0:0:0:1',NULL,NULL), ('47','3','2019-11-09 16:44:57','0:0:0:0:0:0:0:1',NULL,NULL), ('48','3','2019-11-09 16:46:56','0:0:0:0:0:0:0:1',NULL,NULL), ('49','3','2019-11-09 16:49:55','0:0:0:0:0:0:0:1',NULL,NULL), ('50','3','2019-11-23 14:17:16','0:0:0:0:0:0:0:1',NULL,NULL), ('51','6','2019-11-23 14:52:30','0:0:0:0:0:0:0:1',NULL,NULL), ('52','3','2019-11-23 15:07:24','0:0:0:0:0:0:0:1',NULL,NULL), ('53','3','2019-11-30 21:25:30','192.168.3.185',NULL,NULL), ('54','3','2019-11-30 21:27:54','192.168.3.185',NULL,NULL), ('55','3','2019-12-28 15:23:01','0:0:0:0:0:0:0:1',NULL,NULL), ('56','3','2020-01-01 15:21:46','0:0:0:0:0:0:0:1',NULL,NULL), ('57','3','2020-01-04 16:00:54','192.168.3.185',NULL,NULL), ('58','3','2020-02-01 15:05:19','0:0:0:0:0:0:0:1',NULL,NULL), ('59','3','2020-02-01 15:36:05','0:0:0:0:0:0:0:1',NULL,NULL), ('60','3','2020-02-01 15:36:36','0:0:0:0:0:0:0:1',NULL,NULL), ('61','3','2020-02-01 15:37:30','0:0:0:0:0:0:0:1',NULL,NULL), ('62','3','2020-02-01 15:37:46','0:0:0:0:0:0:0:1',NULL,NULL), ('63','3','2020-02-01 15:38:20','0:0:0:0:0:0:0:1',NULL,NULL), ('64','3','2020-02-01 15:38:33','0:0:0:0:0:0:0:1',NULL,NULL), ('65','3','2020-02-01 15:39:06','0:0:0:0:0:0:0:1',NULL,NULL), ('66','3','2020-02-01 15:41:31','0:0:0:0:0:0:0:1',NULL,NULL), ('67','3','2020-02-01 15:43:17','0:0:0:0:0:0:0:1',NULL,NULL), ('68','3','2020-02-01 15:44:34','0:0:0:0:0:0:0:1',NULL,NULL), ('69','3','2020-02-01 15:45:10','0:0:0:0:0:0:0:1',NULL,NULL), ('70','3','2020-02-01 15:46:04','0:0:0:0:0:0:0:1',NULL,NULL), ('71','3','2020-02-01 15:48:33','0:0:0:0:0:0:0:1',NULL,NULL), ('72','3','2020-02-01 16:00:07','0:0:0:0:0:0:0:1',NULL,NULL), ('73','3','2020-02-01 16:07:25','0:0:0:0:0:0:0:1',NULL,NULL), ('74','3','2020-02-01 16:08:22','0:0:0:0:0:0:0:1',NULL,NULL), ('75','3','2020-02-02 15:28:13','0:0:0:0:0:0:0:1',NULL,NULL), ('76','3','2020-02-02 15:44:37','0:0:0:0:0:0:0:1',NULL,NULL), ('77','3','2020-02-02 15:45:25','0:0:0:0:0:0:0:1',NULL,NULL), ('78','3','2020-02-02 15:52:32','0:0:0:0:0:0:0:1',NULL,NULL), ('79','3','2020-02-02 15:53:44','0:0:0:0:0:0:0:1',NULL,NULL), ('80','3','2020-02-02 15:54:36','0:0:0:0:0:0:0:1',NULL,NULL), ('81','3','2020-02-02 16:01:00','0:0:0:0:0:0:0:1',NULL,NULL), ('82','3','2020-02-02 16:05:19','0:0:0:0:0:0:0:1',NULL,NULL), ('83','3','2020-02-02 16:06:31','0:0:0:0:0:0:0:1',NULL,NULL), ('84','3','2020-02-02 16:17:26','0:0:0:0:0:0:0:1',NULL,NULL), ('85','3','2020-02-02 16:18:45','0:0:0:0:0:0:0:1',NULL,NULL), ('86','3','2020-02-02 16:19:05','0:0:0:0:0:0:0:1',NULL,NULL), ('87','3','2020-02-02 16:19:23','0:0:0:0:0:0:0:1',NULL,NULL), ('88','3','2020-02-02 16:22:27','0:0:0:0:0:0:0:1',NULL,NULL), ('89','3','2020-02-02 16:23:30','0:0:0:0:0:0:0:1',NULL,NULL), ('90','3','2020-02-02 16:23:48','0:0:0:0:0:0:0:1',NULL,NULL), ('91','3','2020-02-02 16:24:38','0:0:0:0:0:0:0:1',NULL,NULL), ('92','3','2020-02-02 16:25:22','0:0:0:0:0:0:0:1',NULL,NULL), ('93','3','2020-02-02 16:26:19','0:0:0:0:0:0:0:1',NULL,NULL), ('94','3','2020-02-02 16:26:31','0:0:0:0:0:0:0:1',NULL,NULL), ('95','3','2020-02-02 16:27:08','0:0:0:0:0:0:0:1',NULL,NULL), ('96','3','2020-02-02 16:31:02','0:0:0:0:0:0:0:1',NULL,NULL), ('97','3','2020-02-02 16:31:08','0:0:0:0:0:0:0:1',NULL,NULL), ('98','3','2020-02-02 16:31:25','0:0:0:0:0:0:0:1',NULL,NULL), ('99','3','2020-02-02 16:31:50','0:0:0:0:0:0:0:1',NULL,NULL), ('100','3','2020-02-02 16:33:22','0:0:0:0:0:0:0:1',NULL,NULL);
INSERT INTO `ums_admin_login_log` VALUES ('101','3','2020-02-02 16:33:41','0:0:0:0:0:0:0:1',NULL,NULL), ('102','3','2020-02-02 16:34:58','0:0:0:0:0:0:0:1',NULL,NULL), ('103','3','2020-02-02 16:38:42','0:0:0:0:0:0:0:1',NULL,NULL), ('104','3','2020-02-02 16:39:41','0:0:0:0:0:0:0:1',NULL,NULL), ('105','3','2020-02-02 16:42:22','0:0:0:0:0:0:0:1',NULL,NULL), ('106','3','2020-02-02 16:46:21','0:0:0:0:0:0:0:1',NULL,NULL), ('107','3','2020-02-02 16:50:23','0:0:0:0:0:0:0:1',NULL,NULL), ('108','3','2020-02-02 16:51:11','0:0:0:0:0:0:0:1',NULL,NULL), ('109','3','2020-02-02 16:51:22','0:0:0:0:0:0:0:1',NULL,NULL), ('110','3','2020-02-02 16:52:00','0:0:0:0:0:0:0:1',NULL,NULL), ('111','3','2020-02-02 17:01:05','0:0:0:0:0:0:0:1',NULL,NULL), ('112','3','2020-02-03 10:43:22','0:0:0:0:0:0:0:1',NULL,NULL), ('113','3','2020-02-03 10:45:29','0:0:0:0:0:0:0:1',NULL,NULL), ('114','3','2020-02-03 10:46:33','0:0:0:0:0:0:0:1',NULL,NULL), ('115','3','2020-02-03 10:54:33','0:0:0:0:0:0:0:1',NULL,NULL), ('116','3','2020-02-03 14:24:47','0:0:0:0:0:0:0:1',NULL,NULL), ('117','3','2020-02-03 14:25:38','0:0:0:0:0:0:0:1',NULL,NULL), ('118','5','2020-02-03 15:22:28','0:0:0:0:0:0:0:1',NULL,NULL), ('119','5','2020-02-03 15:23:00','0:0:0:0:0:0:0:1',NULL,NULL), ('120','5','2020-02-03 15:24:29','0:0:0:0:0:0:0:1',NULL,NULL), ('121','3','2020-02-03 15:24:50','0:0:0:0:0:0:0:1',NULL,NULL), ('122','5','2020-02-03 15:27:18','0:0:0:0:0:0:0:1',NULL,NULL), ('123','3','2020-02-03 15:27:33','0:0:0:0:0:0:0:1',NULL,NULL), ('124','3','2020-02-03 15:29:06','0:0:0:0:0:0:0:1',NULL,NULL), ('125','5','2020-02-03 15:33:25','0:0:0:0:0:0:0:1',NULL,NULL), ('126','3','2020-02-03 15:33:51','0:0:0:0:0:0:0:1',NULL,NULL), ('127','1','2020-02-03 15:34:35','0:0:0:0:0:0:0:1',NULL,NULL), ('128','3','2020-02-03 15:34:47','0:0:0:0:0:0:0:1',NULL,NULL), ('129','3','2020-02-04 14:14:46','0:0:0:0:0:0:0:1',NULL,NULL), ('130','3','2020-02-05 10:33:35','0:0:0:0:0:0:0:1',NULL,NULL), ('131','3','2020-02-05 10:36:21','0:0:0:0:0:0:0:1',NULL,NULL), ('132','3','2020-02-05 16:34:37','0:0:0:0:0:0:0:1',NULL,NULL), ('133','4','2020-02-05 16:58:37','0:0:0:0:0:0:0:1',NULL,NULL), ('134','3','2020-02-05 16:59:03','0:0:0:0:0:0:0:1',NULL,NULL), ('135','3','2020-02-06 10:25:02','0:0:0:0:0:0:0:1',NULL,NULL), ('136','3','2020-02-07 14:34:34','0:0:0:0:0:0:0:1',NULL,NULL), ('137','3','2020-02-07 14:36:20','0:0:0:0:0:0:0:1',NULL,NULL), ('138','1','2020-02-07 14:43:34','0:0:0:0:0:0:0:1',NULL,NULL), ('139','3','2020-02-07 15:18:06','0:0:0:0:0:0:0:1',NULL,NULL), ('140','3','2020-02-07 15:20:07','0:0:0:0:0:0:0:1',NULL,NULL), ('141','3','2020-02-07 15:22:20','0:0:0:0:0:0:0:1',NULL,NULL), ('142','3','2020-02-07 15:22:28','0:0:0:0:0:0:0:1',NULL,NULL), ('143','3','2020-02-07 15:55:11','0:0:0:0:0:0:0:1',NULL,NULL), ('144','3','2020-02-07 15:56:04','0:0:0:0:0:0:0:1',NULL,NULL), ('145','3','2020-02-07 15:58:49','0:0:0:0:0:0:0:1',NULL,NULL), ('146','6','2020-02-07 16:16:21','0:0:0:0:0:0:0:1',NULL,NULL), ('147','7','2020-02-07 16:16:37','0:0:0:0:0:0:0:1',NULL,NULL), ('148','3','2020-02-07 16:18:39','0:0:0:0:0:0:0:1',NULL,NULL), ('149','7','2020-02-07 16:20:06','0:0:0:0:0:0:0:1',NULL,NULL), ('150','3','2020-02-07 16:20:44','0:0:0:0:0:0:0:1',NULL,NULL), ('151','3','2020-02-07 16:32:31','0:0:0:0:0:0:0:1',NULL,NULL), ('152','3','2020-02-07 19:32:34','0:0:0:0:0:0:0:1',NULL,NULL), ('153','3','2020-02-07 19:32:48','0:0:0:0:0:0:0:1',NULL,NULL), ('154','3','2020-02-07 19:33:01','0:0:0:0:0:0:0:1',NULL,NULL), ('155','3','2020-02-07 19:33:06','0:0:0:0:0:0:0:1',NULL,NULL), ('156','3','2020-02-07 19:33:21','0:0:0:0:0:0:0:1',NULL,NULL), ('157','3','2020-02-07 19:35:33','0:0:0:0:0:0:0:1',NULL,NULL), ('158','3','2020-02-07 19:37:10','0:0:0:0:0:0:0:1',NULL,NULL), ('159','3','2020-02-07 19:37:14','0:0:0:0:0:0:0:1',NULL,NULL), ('160','3','2020-02-07 19:37:25','0:0:0:0:0:0:0:1',NULL,NULL), ('161','3','2020-02-07 19:45:41','0:0:0:0:0:0:0:1',NULL,NULL), ('162','3','2020-02-07 19:47:45','0:0:0:0:0:0:0:1',NULL,NULL), ('163','3','2020-02-07 20:02:25','0:0:0:0:0:0:0:1',NULL,NULL), ('164','6','2020-02-07 20:10:55','0:0:0:0:0:0:0:1',NULL,NULL), ('165','6','2020-02-07 20:11:02','0:0:0:0:0:0:0:1',NULL,NULL), ('166','6','2020-02-07 20:13:44','0:0:0:0:0:0:0:1',NULL,NULL), ('167','6','2020-02-07 20:17:14','0:0:0:0:0:0:0:1',NULL,NULL), ('168','3','2020-02-07 20:17:44','0:0:0:0:0:0:0:1',NULL,NULL), ('169','6','2020-02-07 20:18:13','0:0:0:0:0:0:0:1',NULL,NULL), ('170','3','2020-02-10 10:28:14','0:0:0:0:0:0:0:1',NULL,NULL), ('171','3','2020-02-10 10:45:15','0:0:0:0:0:0:0:1',NULL,NULL), ('172','3','2020-02-10 10:57:46','0:0:0:0:0:0:0:1',NULL,NULL), ('173','3','2020-02-10 10:59:06','0:0:0:0:0:0:0:1',NULL,NULL), ('174','3','2020-02-10 11:04:19','0:0:0:0:0:0:0:1',NULL,NULL), ('175','3','2020-02-10 11:05:55','0:0:0:0:0:0:0:1',NULL,NULL), ('176','3','2020-02-10 11:06:45','0:0:0:0:0:0:0:1',NULL,NULL), ('177','3','2020-02-10 11:07:41','0:0:0:0:0:0:0:1',NULL,NULL), ('178','3','2020-02-10 11:08:13','0:0:0:0:0:0:0:1',NULL,NULL), ('179','3','2020-02-10 11:10:02','0:0:0:0:0:0:0:1',NULL,NULL), ('180','6','2020-02-10 14:25:17','0:0:0:0:0:0:0:1',NULL,NULL), ('181','6','2020-02-10 14:29:14','0:0:0:0:0:0:0:1',NULL,NULL), ('182','3','2020-02-10 16:09:16','0:0:0:0:0:0:0:1',NULL,NULL), ('183','3','2020-02-20 14:39:19','0:0:0:0:0:0:0:1',NULL,NULL), ('184','8','2020-02-20 17:14:58','0:0:0:0:0:0:0:1',NULL,NULL), ('185','8','2020-02-20 17:17:04','0:0:0:0:0:0:0:1',NULL,NULL), ('186','8','2020-02-20 17:17:42','0:0:0:0:0:0:0:1',NULL,NULL), ('187','8','2020-02-21 10:26:56','0:0:0:0:0:0:0:1',NULL,NULL), ('188','8','2020-02-21 10:28:54','0:0:0:0:0:0:0:1',NULL,NULL), ('189','8','2020-02-21 10:32:25','0:0:0:0:0:0:0:1',NULL,NULL), ('190','8','2020-02-21 10:33:41','0:0:0:0:0:0:0:1',NULL,NULL), ('191','8','2020-02-21 10:35:58','0:0:0:0:0:0:0:1',NULL,NULL), ('192','8','2020-02-21 10:36:49','0:0:0:0:0:0:0:1',NULL,NULL), ('193','3','2020-02-21 11:10:11','0:0:0:0:0:0:0:1',NULL,NULL), ('194','3','2020-02-25 16:11:13','0:0:0:0:0:0:0:1',NULL,NULL), ('195','3','2020-02-25 16:46:29','0:0:0:0:0:0:0:1',NULL,NULL), ('196','3','2020-10-09 18:06:56','127.0.0.1',NULL,NULL), ('197','3','2020-10-09 18:07:40','127.0.0.1',NULL,NULL), ('198','3','2020-10-11 17:26:42','0:0:0:0:0:0:0:1',NULL,NULL), ('199','3','2020-10-11 17:44:10','0:0:0:0:0:0:0:1',NULL,NULL), ('200','3','2020-10-11 17:45:04','0:0:0:0:0:0:0:1',NULL,NULL);
INSERT INTO `ums_admin_login_log` VALUES ('201','7','2020-10-11 17:46:46','0:0:0:0:0:0:0:1',NULL,NULL), ('202','3','2020-10-11 17:46:56','0:0:0:0:0:0:0:1',NULL,NULL), ('203','3','2020-10-11 17:47:11','0:0:0:0:0:0:0:1',NULL,NULL), ('204','3','2020-10-12 01:02:24','0:0:0:0:0:0:0:1',NULL,NULL), ('205','3','2020-10-14 06:57:00','0:0:0:0:0:0:0:1',NULL,NULL), ('206','3','2020-10-17 08:22:52','0:0:0:0:0:0:0:1',NULL,NULL), ('207','3','2020-10-17 13:40:38','0:0:0:0:0:0:0:1',NULL,NULL), ('208','3','2020-10-17 18:45:35','0:0:0:0:0:0:0:1',NULL,NULL), ('209','3','2020-10-18 06:19:47','0:0:0:0:0:0:0:1',NULL,NULL), ('210','3','2020-10-18 10:24:10','0:0:0:0:0:0:0:1',NULL,NULL), ('211','1','2020-10-18 10:24:39','0:0:0:0:0:0:0:1',NULL,NULL), ('212','3','2020-10-19 06:53:08','127.0.0.1',NULL,NULL), ('213','3','2020-10-19 07:01:27','127.0.0.1',NULL,NULL), ('214','3','2020-10-19 07:01:42','127.0.0.1',NULL,NULL), ('215','3','2020-10-19 07:01:55','127.0.0.1',NULL,NULL), ('216','1','2020-10-19 09:20:53','127.0.0.1',NULL,NULL), ('217','3','2020-10-19 15:01:26','127.0.0.1',NULL,NULL), ('218','3','2020-10-19 16:40:15','127.0.0.1',NULL,NULL), ('219','10','2020-10-19 17:08:58','127.0.0.1',NULL,NULL), ('220','1','2020-10-20 07:08:12','127.0.0.1',NULL,NULL), ('221','10','2020-10-20 07:47:20','127.0.0.1',NULL,NULL), ('222','3','2020-10-20 07:48:09','127.0.0.1',NULL,NULL), ('223','3','2020-10-20 07:53:46','127.0.0.1',NULL,NULL), ('224','3','2020-10-20 07:54:46','127.0.0.1',NULL,NULL), ('225','3','2020-10-20 08:12:27','127.0.0.1',NULL,NULL), ('226','3','2020-10-20 13:18:23','127.0.0.1',NULL,NULL), ('227','3','2020-10-20 17:25:29','127.0.0.1',NULL,NULL), ('228','1','2020-10-20 17:44:41','127.0.0.1',NULL,NULL), ('229','3','2020-10-20 17:45:06','127.0.0.1',NULL,NULL);
INSERT INTO `ums_admin_role_relation` VALUES ('26','3','5'), ('27','6','1'), ('28','7','2'), ('30','4','5'), ('31','1','9');
INSERT INTO `ums_menu` VALUES ('7','0','2020-02-02 16:54:07','订单','0','0','oms','order','0'), ('8','7','2020-02-02 16:55:18','订单列表','1','0','order','order-list','0'), ('21','0','2020-02-07 16:29:13','权限','0','0','ums','ums','0'), ('22','21','2020-02-07 16:29:51','用户列表','1','0','admin','ums-admin','0'), ('23','21','2020-02-07 16:30:13','角色列表','1','0','role','ums-role','0'), ('24','21','2020-02-07 16:30:53','菜单列表','1','0','menu','ums-menu','0'), ('25','21','2020-02-07 16:31:13','资源列表','1','0','resource','ums-resource','0'), ('26','26','2020-10-17 08:30:25','房间','1','0','room','room','0'), ('27','26','2020-10-17 08:32:21','房间列表','1','0','room-list','room','0'), ('28','0','2020-10-17 08:37:39','房间','0','0','rms','room','0'), ('29','28','2020-10-17 08:45:47','房间列表','1','0','room','room','0'), ('30','28','2020-10-17 10:36:22','添加房间','1','0','addRoom','room','0'), ('32','28','2020-10-17 13:22:34','修改房间','1','0','updateRoom','room','1'), ('35','21','2020-10-20 10:49:52','test','1','0','test','room','0');
INSERT INTO `ums_resource` VALUES ('8','2020-02-05 14:43:37','订单管理','/order/**','','2'), ('25','2020-02-07 16:47:34','后台用户管理','/admin/**','','4'), ('26','2020-02-07 16:48:24','后台用户角色管理','/role/**','','4'), ('27','2020-02-07 16:48:48','后台菜单管理','/menu/**','','4'), ('28','2020-02-07 16:49:18','后台资源分类管理','/resourceCategory/**','','4'), ('29','2020-02-07 16:49:45','后台资源管理','/resource/**','','4'), ('31','2020-10-17 08:35:02','房间管理','/room/**','房间管理','8'), ('32','2020-10-17 11:48:04','创建房间','/addRoom/**','创建房间','8'), ('33','2020-10-17 11:57:57','修改房间','/updateRoom/**','','8');
INSERT INTO `ums_resource_category` VALUES ('2','2020-02-05 10:22:34','订单模块','0'), ('4','2020-02-05 10:23:04','权限模块','1'), ('5','2020-02-07 16:34:27','内容模块','0'), ('6','2020-02-07 16:35:49','其他模块','0'), ('8','2020-10-17 08:34:30','房间模块','1');
INSERT INTO `ums_role` VALUES ('1','房间管理员','只能查看及操作房间','0','2020-02-03 16:50:37','1','0'), ('2','订单管理员','只能查看及操作订单','0','2018-09-30 15:53:45','1','0'), ('5','超级管理员','拥有所有查看和操作功能','0','2020-02-02 15:11:05','1','0'), ('9','测试角色','测试角色','0','2020-10-18 10:22:51','1','0');
INSERT INTO `ums_role_menu_relation` VALUES ('532','2','7'), ('533','2','8'), ('536','2','28'), ('537','2','29'), ('538','2','30'), ('539','2','32'), ('540','1','7'), ('541','1','8'), ('544','1','28'), ('545','1','29'), ('546','1','30'), ('547','1','32'), ('590','5','7'), ('591','5','8'), ('594','5','21'), ('595','5','22'), ('596','5','23'), ('597','5','24'), ('598','5','25'), ('599','5','35'), ('600','5','28'), ('601','5','29'), ('602','5','30'), ('603','5','32'), ('604','9','28'), ('605','9','29'), ('606','9','30'), ('607','9','32');
INSERT INTO `ums_role_resource_relation` VALUES ('103','2','8'), ('195','1','31'), ('389','9','31'), ('390','9','32'), ('391','9','33'), ('392','5','8'), ('394','5','25'), ('395','5','26'), ('396','5','27'), ('397','5','28'), ('398','5','29'), ('399','5','31'), ('400','5','32'), ('401','5','33');
