/*
Navicat MySQL Data Transfer

Source Server         : 酒店管理系统
Source Server Version : 50719
Source Host           : localhost:3306
Source Database       : hotel

Target Server Type    : MYSQL
Target Server Version : 50719
File Encoding         : 65001

Date: 2020-10-20 02:00:41
*/

SET FOREIGN_KEY_CHECKS=0;

-- ----------------------------
-- Table structure for rms_room
-- ----------------------------
DROP TABLE IF EXISTS `rms_room`;
CREATE TABLE `rms_room` (
  `id` bigint(20) NOT NULL AUTO_INCREMENT COMMENT '房间id',
  `name` varchar(255) NOT NULL COMMENT '房间名',
  `status` int(1) DEFAULT '1' COMMENT '房间状态(0-不可用/1-空闲)',
  `clean` int(1) DEFAULT '2' COMMENT '清洁状态(0-未清洁，1-清洁中，2-已清洁)',
  `maintenance` int(1) DEFAULT '2' COMMENT '维修状态(0-未维修，1-维修中，2-维修完成)',
  `description` varchar(255) DEFAULT NULL COMMENT '房间描述',
  `floor` varchar(255) DEFAULT NULL COMMENT '楼层数',
  `serial` varchar(255) DEFAULT NULL COMMENT '房间序号',
  `sort` bigint(20) DEFAULT '0' COMMENT '排序号',
  `price` decimal(10,2) NOT NULL COMMENT '房间价格',
  `pic` varchar(255) DEFAULT NULL COMMENT '房间图片地址',
  PRIMARY KEY (`id`)
) ENGINE=InnoDB AUTO_INCREMENT=5 DEFAULT CHARSET=utf8;

-- ----------------------------
-- Records of rms_room
-- ----------------------------
INSERT INTO `rms_room` VALUES ('1', '双人房', '1', '2', '2', '双人床，有窗，单独', '1', '000101', '0', '10000.00', 'http://macro-oss.oss-cn-shenzhen.aliyuncs.com/mall/images/20180607/5ab46a3cN616bdc41.jpg,http://macro-oss.oss-cn-shenzhen.aliyuncs.com/mall/images/20180607/5ac1bf5fN2522b9dc.jpg');
INSERT INTO `rms_room` VALUES ('2', '3', '0', '0', '0', null, '2', '2', '0', '0.00', 'http://127.0.0.1:9000/hotel/20201018/header.jpg,http://127.0.0.1:9000/hotel/20201018/header.jpg');
INSERT INTO `rms_room` VALUES ('3', '111', '1', '1', '1', '1', '1', '1', '1', '1.00', 'http://127.0.0.1:9000/hotel/20201018/header.jpg,http://127.0.0.1:9000/hotel/20201018/41412-106.jpg');
INSERT INTO `rms_room` VALUES ('4', '333', '1', '1', '1', null, '2', '2', '1', '2.00', 'http://127.0.0.1:9000/hotel/20201018/75888-106.jpg');

-- ----------------------------
-- Table structure for ums_admin
-- ----------------------------
DROP TABLE IF EXISTS `ums_admin`;
CREATE TABLE `ums_admin` (
  `id` bigint(20) NOT NULL AUTO_INCREMENT,
  `username` varchar(64) DEFAULT NULL,
  `password` varchar(64) DEFAULT NULL,
  `icon` varchar(500) DEFAULT NULL COMMENT '头像',
  `email` varchar(100) DEFAULT NULL COMMENT '邮箱',
  `nick_name` varchar(200) DEFAULT NULL COMMENT '昵称',
  `note` varchar(500) DEFAULT NULL COMMENT '备注信息',
  `create_time` datetime DEFAULT NULL COMMENT '创建时间',
  `login_time` datetime DEFAULT NULL COMMENT '最后登录时间',
  `status` int(1) DEFAULT '1' COMMENT '帐号启用状态：0->禁用；1->启用',
  `phone` varchar(255) DEFAULT NULL COMMENT '手机号',
  PRIMARY KEY (`id`),
  UNIQUE KEY `ums_admin_phone` (`phone`) USING BTREE
) ENGINE=InnoDB AUTO_INCREMENT=11 DEFAULT CHARSET=utf8 COMMENT='后台用户表';

-- ----------------------------
-- Records of ums_admin
-- ----------------------------
INSERT INTO `ums_admin` VALUES ('1', 'test', '$2a$10$ZLWLW6rS0HB9R9BAglIIx.4JcCg39ln/N7FglDRgVX8fTWn0UQtJi', 'http://macro-oss.oss-cn-shenzhen.aliyuncs.com/mall/images/20180607/timg.jpg', 'test@qq.com', '测试账号', null, '2018-09-29 13:55:30', '2018-09-29 13:55:39', '1', null);
INSERT INTO `ums_admin` VALUES ('3', 'admin', '$2a$10$qxvL1ojiBaNut8VgN7gh8eYSqHjjBWzB2y8pq6ahKHAuLhkWheaNW', 'http://macro-oss.oss-cn-shenzhen.aliyuncs.com/mall/images/20180607/timg.jpg', 'admin@163.com', '系统管理员', '系统管理员', '2018-10-08 13:32:47', '2019-04-20 12:45:16', '1', null);
INSERT INTO `ums_admin` VALUES ('4', 'macro', '$2a$10$Bx4jZPR7GhEpIQfefDQtVeS58GfT5n6mxs/b4nLLK65eMFa16topa', 'string', 'macro@qq.com', 'macro', 'macro专用', '2019-10-06 15:53:51', '2020-02-03 14:55:55', '1', null);
INSERT INTO `ums_admin` VALUES ('6', 'productAdmin', '$2a$10$RGazHaYXgihzOtfc113c3.kTse7wei12gcsig8lnAOJrGbC.I6fxO', null, 'product@qq.com', '商品管理员', '只有商品权限', '2020-02-07 16:15:08', null, '1', null);
INSERT INTO `ums_admin` VALUES ('7', 'orderAdmin', '$2a$10$jvbQgK.lNx5VGJwwzW76k.l3vI6POvwFf6n0hYd.8lQkPFxECgun.', null, 'order@qq.com', '订单管理员', '只有订单管理权限', '2020-02-07 16:15:50', null, '1', null);
INSERT INTO `ums_admin` VALUES ('10', '123', '$2a$10$C4dGiGPVjWbSRUfJ3.SajeasvEbQmUE53ZKDHk.7m8CZop.FIgtWO', null, '1462541756@qq.com', '123', null, '2020-10-19 17:08:51', null, '1', null);

-- ----------------------------
-- Table structure for ums_admin_login_log
-- ----------------------------
DROP TABLE IF EXISTS `ums_admin_login_log`;
CREATE TABLE `ums_admin_login_log` (
  `id` bigint(20) NOT NULL AUTO_INCREMENT,
  `admin_id` bigint(20) DEFAULT NULL,
  `create_time` datetime DEFAULT NULL,
  `ip` varchar(64) DEFAULT NULL,
  `address` varchar(100) DEFAULT NULL,
  `user_agent` varchar(100) DEFAULT NULL COMMENT '浏览器登录类型',
  PRIMARY KEY (`id`)
) ENGINE=InnoDB AUTO_INCREMENT=220 DEFAULT CHARSET=utf8 COMMENT='后台用户登录日志表';

-- ----------------------------
-- Records of ums_admin_login_log
-- ----------------------------
INSERT INTO `ums_admin_login_log` VALUES ('1', '3', '2018-12-23 14:27:00', '0:0:0:0:0:0:0:1', null, null);
INSERT INTO `ums_admin_login_log` VALUES ('2', '3', '2019-04-07 16:04:39', '0:0:0:0:0:0:0:1', null, null);
INSERT INTO `ums_admin_login_log` VALUES ('3', '3', '2019-04-08 21:47:52', '0:0:0:0:0:0:0:1', null, null);
INSERT INTO `ums_admin_login_log` VALUES ('4', '3', '2019-04-08 21:48:18', '0:0:0:0:0:0:0:1', null, null);
INSERT INTO `ums_admin_login_log` VALUES ('5', '3', '2019-04-18 22:18:40', '0:0:0:0:0:0:0:1', null, null);
INSERT INTO `ums_admin_login_log` VALUES ('6', '3', '2019-04-20 12:45:16', '0:0:0:0:0:0:0:1', null, null);
INSERT INTO `ums_admin_login_log` VALUES ('7', '3', '2019-05-19 14:52:12', '0:0:0:0:0:0:0:1', null, null);
INSERT INTO `ums_admin_login_log` VALUES ('8', '3', '2019-05-25 15:00:17', '0:0:0:0:0:0:0:1', null, null);
INSERT INTO `ums_admin_login_log` VALUES ('9', '3', '2019-06-19 20:11:42', '0:0:0:0:0:0:0:1', null, null);
INSERT INTO `ums_admin_login_log` VALUES ('10', '3', '2019-06-30 10:33:48', '0:0:0:0:0:0:0:1', null, null);
INSERT INTO `ums_admin_login_log` VALUES ('11', '3', '2019-06-30 10:34:31', '0:0:0:0:0:0:0:1', null, null);
INSERT INTO `ums_admin_login_log` VALUES ('12', '3', '2019-06-30 10:35:34', '0:0:0:0:0:0:0:1', null, null);
INSERT INTO `ums_admin_login_log` VALUES ('13', '3', '2019-07-27 17:11:01', '0:0:0:0:0:0:0:1', null, null);
INSERT INTO `ums_admin_login_log` VALUES ('14', '3', '2019-07-27 17:13:18', '0:0:0:0:0:0:0:1', null, null);
INSERT INTO `ums_admin_login_log` VALUES ('15', '3', '2019-07-27 17:15:35', '0:0:0:0:0:0:0:1', null, null);
INSERT INTO `ums_admin_login_log` VALUES ('16', '3', '2019-07-27 17:17:11', '0:0:0:0:0:0:0:1', null, null);
INSERT INTO `ums_admin_login_log` VALUES ('17', '3', '2019-07-27 17:18:34', '0:0:0:0:0:0:0:1', null, null);
INSERT INTO `ums_admin_login_log` VALUES ('18', '3', '2019-07-27 21:21:52', '0:0:0:0:0:0:0:1', null, null);
INSERT INTO `ums_admin_login_log` VALUES ('19', '3', '2019-07-27 21:34:29', '0:0:0:0:0:0:0:1', null, null);
INSERT INTO `ums_admin_login_log` VALUES ('20', '3', '2019-07-27 21:35:17', '0:0:0:0:0:0:0:1', null, null);
INSERT INTO `ums_admin_login_log` VALUES ('21', '3', '2019-07-27 21:35:48', '0:0:0:0:0:0:0:1', null, null);
INSERT INTO `ums_admin_login_log` VALUES ('22', '3', '2019-07-27 21:40:33', '0:0:0:0:0:0:0:1', null, null);
INSERT INTO `ums_admin_login_log` VALUES ('23', '3', '2019-08-18 16:00:38', '0:0:0:0:0:0:0:1', null, null);
INSERT INTO `ums_admin_login_log` VALUES ('24', '3', '2019-08-18 16:01:06', '0:0:0:0:0:0:0:1', null, null);
INSERT INTO `ums_admin_login_log` VALUES ('25', '3', '2019-08-18 16:47:01', '0:0:0:0:0:0:0:1', null, null);
INSERT INTO `ums_admin_login_log` VALUES ('26', '3', '2019-10-06 15:54:23', '0:0:0:0:0:0:0:1', null, null);
INSERT INTO `ums_admin_login_log` VALUES ('27', '3', '2019-10-06 16:03:28', '0:0:0:0:0:0:0:1', null, null);
INSERT INTO `ums_admin_login_log` VALUES ('28', '3', '2019-10-06 16:04:51', '0:0:0:0:0:0:0:1', null, null);
INSERT INTO `ums_admin_login_log` VALUES ('29', '3', '2019-10-06 16:06:44', '0:0:0:0:0:0:0:1', null, null);
INSERT INTO `ums_admin_login_log` VALUES ('30', '3', '2019-10-06 16:14:51', '0:0:0:0:0:0:0:1', null, null);
INSERT INTO `ums_admin_login_log` VALUES ('31', '1', '2019-10-06 16:15:09', '0:0:0:0:0:0:0:1', null, null);
INSERT INTO `ums_admin_login_log` VALUES ('32', '1', '2019-10-06 16:16:14', '0:0:0:0:0:0:0:1', null, null);
INSERT INTO `ums_admin_login_log` VALUES ('33', '3', '2019-10-06 16:16:35', '0:0:0:0:0:0:0:1', null, null);
INSERT INTO `ums_admin_login_log` VALUES ('34', '3', '2019-10-06 16:16:42', '0:0:0:0:0:0:0:1', null, null);
INSERT INTO `ums_admin_login_log` VALUES ('35', '3', '2019-10-07 15:20:48', '0:0:0:0:0:0:0:1', null, null);
INSERT INTO `ums_admin_login_log` VALUES ('36', '3', '2019-10-07 15:40:07', '0:0:0:0:0:0:0:1', null, null);
INSERT INTO `ums_admin_login_log` VALUES ('37', '3', '2019-10-07 16:34:15', '0:0:0:0:0:0:0:1', null, null);
INSERT INTO `ums_admin_login_log` VALUES ('38', '3', '2019-10-09 21:19:08', '0:0:0:0:0:0:0:1', null, null);
INSERT INTO `ums_admin_login_log` VALUES ('39', '4', '2019-10-09 21:30:35', '0:0:0:0:0:0:0:1', null, null);
INSERT INTO `ums_admin_login_log` VALUES ('40', '4', '2019-10-09 21:31:30', '0:0:0:0:0:0:0:1', null, null);
INSERT INTO `ums_admin_login_log` VALUES ('41', '4', '2019-10-09 21:32:39', '0:0:0:0:0:0:0:1', null, null);
INSERT INTO `ums_admin_login_log` VALUES ('42', '4', '2019-10-09 21:33:27', '0:0:0:0:0:0:0:1', null, null);
INSERT INTO `ums_admin_login_log` VALUES ('43', '4', '2019-10-09 21:33:50', '0:0:0:0:0:0:0:1', null, null);
INSERT INTO `ums_admin_login_log` VALUES ('44', '3', '2019-10-20 16:02:53', '0:0:0:0:0:0:0:1', null, null);
INSERT INTO `ums_admin_login_log` VALUES ('45', '3', '2019-10-23 21:20:55', '0:0:0:0:0:0:0:1', null, null);
INSERT INTO `ums_admin_login_log` VALUES ('46', '3', '2019-10-27 21:41:45', '0:0:0:0:0:0:0:1', null, null);
INSERT INTO `ums_admin_login_log` VALUES ('47', '3', '2019-11-09 16:44:57', '0:0:0:0:0:0:0:1', null, null);
INSERT INTO `ums_admin_login_log` VALUES ('48', '3', '2019-11-09 16:46:56', '0:0:0:0:0:0:0:1', null, null);
INSERT INTO `ums_admin_login_log` VALUES ('49', '3', '2019-11-09 16:49:55', '0:0:0:0:0:0:0:1', null, null);
INSERT INTO `ums_admin_login_log` VALUES ('50', '3', '2019-11-23 14:17:16', '0:0:0:0:0:0:0:1', null, null);
INSERT INTO `ums_admin_login_log` VALUES ('51', '6', '2019-11-23 14:52:30', '0:0:0:0:0:0:0:1', null, null);
INSERT INTO `ums_admin_login_log` VALUES ('52', '3', '2019-11-23 15:07:24', '0:0:0:0:0:0:0:1', null, null);
INSERT INTO `ums_admin_login_log` VALUES ('53', '3', '2019-11-30 21:25:30', '192.168.3.185', null, null);
INSERT INTO `ums_admin_login_log` VALUES ('54', '3', '2019-11-30 21:27:54', '192.168.3.185', null, null);
INSERT INTO `ums_admin_login_log` VALUES ('55', '3', '2019-12-28 15:23:01', '0:0:0:0:0:0:0:1', null, null);
INSERT INTO `ums_admin_login_log` VALUES ('56', '3', '2020-01-01 15:21:46', '0:0:0:0:0:0:0:1', null, null);
INSERT INTO `ums_admin_login_log` VALUES ('57', '3', '2020-01-04 16:00:54', '192.168.3.185', null, null);
INSERT INTO `ums_admin_login_log` VALUES ('58', '3', '2020-02-01 15:05:19', '0:0:0:0:0:0:0:1', null, null);
INSERT INTO `ums_admin_login_log` VALUES ('59', '3', '2020-02-01 15:36:05', '0:0:0:0:0:0:0:1', null, null);
INSERT INTO `ums_admin_login_log` VALUES ('60', '3', '2020-02-01 15:36:36', '0:0:0:0:0:0:0:1', null, null);
INSERT INTO `ums_admin_login_log` VALUES ('61', '3', '2020-02-01 15:37:30', '0:0:0:0:0:0:0:1', null, null);
INSERT INTO `ums_admin_login_log` VALUES ('62', '3', '2020-02-01 15:37:46', '0:0:0:0:0:0:0:1', null, null);
INSERT INTO `ums_admin_login_log` VALUES ('63', '3', '2020-02-01 15:38:20', '0:0:0:0:0:0:0:1', null, null);
INSERT INTO `ums_admin_login_log` VALUES ('64', '3', '2020-02-01 15:38:33', '0:0:0:0:0:0:0:1', null, null);
INSERT INTO `ums_admin_login_log` VALUES ('65', '3', '2020-02-01 15:39:06', '0:0:0:0:0:0:0:1', null, null);
INSERT INTO `ums_admin_login_log` VALUES ('66', '3', '2020-02-01 15:41:31', '0:0:0:0:0:0:0:1', null, null);
INSERT INTO `ums_admin_login_log` VALUES ('67', '3', '2020-02-01 15:43:17', '0:0:0:0:0:0:0:1', null, null);
INSERT INTO `ums_admin_login_log` VALUES ('68', '3', '2020-02-01 15:44:34', '0:0:0:0:0:0:0:1', null, null);
INSERT INTO `ums_admin_login_log` VALUES ('69', '3', '2020-02-01 15:45:10', '0:0:0:0:0:0:0:1', null, null);
INSERT INTO `ums_admin_login_log` VALUES ('70', '3', '2020-02-01 15:46:04', '0:0:0:0:0:0:0:1', null, null);
INSERT INTO `ums_admin_login_log` VALUES ('71', '3', '2020-02-01 15:48:33', '0:0:0:0:0:0:0:1', null, null);
INSERT INTO `ums_admin_login_log` VALUES ('72', '3', '2020-02-01 16:00:07', '0:0:0:0:0:0:0:1', null, null);
INSERT INTO `ums_admin_login_log` VALUES ('73', '3', '2020-02-01 16:07:25', '0:0:0:0:0:0:0:1', null, null);
INSERT INTO `ums_admin_login_log` VALUES ('74', '3', '2020-02-01 16:08:22', '0:0:0:0:0:0:0:1', null, null);
INSERT INTO `ums_admin_login_log` VALUES ('75', '3', '2020-02-02 15:28:13', '0:0:0:0:0:0:0:1', null, null);
INSERT INTO `ums_admin_login_log` VALUES ('76', '3', '2020-02-02 15:44:37', '0:0:0:0:0:0:0:1', null, null);
INSERT INTO `ums_admin_login_log` VALUES ('77', '3', '2020-02-02 15:45:25', '0:0:0:0:0:0:0:1', null, null);
INSERT INTO `ums_admin_login_log` VALUES ('78', '3', '2020-02-02 15:52:32', '0:0:0:0:0:0:0:1', null, null);
INSERT INTO `ums_admin_login_log` VALUES ('79', '3', '2020-02-02 15:53:44', '0:0:0:0:0:0:0:1', null, null);
INSERT INTO `ums_admin_login_log` VALUES ('80', '3', '2020-02-02 15:54:36', '0:0:0:0:0:0:0:1', null, null);
INSERT INTO `ums_admin_login_log` VALUES ('81', '3', '2020-02-02 16:01:00', '0:0:0:0:0:0:0:1', null, null);
INSERT INTO `ums_admin_login_log` VALUES ('82', '3', '2020-02-02 16:05:19', '0:0:0:0:0:0:0:1', null, null);
INSERT INTO `ums_admin_login_log` VALUES ('83', '3', '2020-02-02 16:06:31', '0:0:0:0:0:0:0:1', null, null);
INSERT INTO `ums_admin_login_log` VALUES ('84', '3', '2020-02-02 16:17:26', '0:0:0:0:0:0:0:1', null, null);
INSERT INTO `ums_admin_login_log` VALUES ('85', '3', '2020-02-02 16:18:45', '0:0:0:0:0:0:0:1', null, null);
INSERT INTO `ums_admin_login_log` VALUES ('86', '3', '2020-02-02 16:19:05', '0:0:0:0:0:0:0:1', null, null);
INSERT INTO `ums_admin_login_log` VALUES ('87', '3', '2020-02-02 16:19:23', '0:0:0:0:0:0:0:1', null, null);
INSERT INTO `ums_admin_login_log` VALUES ('88', '3', '2020-02-02 16:22:27', '0:0:0:0:0:0:0:1', null, null);
INSERT INTO `ums_admin_login_log` VALUES ('89', '3', '2020-02-02 16:23:30', '0:0:0:0:0:0:0:1', null, null);
INSERT INTO `ums_admin_login_log` VALUES ('90', '3', '2020-02-02 16:23:48', '0:0:0:0:0:0:0:1', null, null);
INSERT INTO `ums_admin_login_log` VALUES ('91', '3', '2020-02-02 16:24:38', '0:0:0:0:0:0:0:1', null, null);
INSERT INTO `ums_admin_login_log` VALUES ('92', '3', '2020-02-02 16:25:22', '0:0:0:0:0:0:0:1', null, null);
INSERT INTO `ums_admin_login_log` VALUES ('93', '3', '2020-02-02 16:26:19', '0:0:0:0:0:0:0:1', null, null);
INSERT INTO `ums_admin_login_log` VALUES ('94', '3', '2020-02-02 16:26:31', '0:0:0:0:0:0:0:1', null, null);
INSERT INTO `ums_admin_login_log` VALUES ('95', '3', '2020-02-02 16:27:08', '0:0:0:0:0:0:0:1', null, null);
INSERT INTO `ums_admin_login_log` VALUES ('96', '3', '2020-02-02 16:31:02', '0:0:0:0:0:0:0:1', null, null);
INSERT INTO `ums_admin_login_log` VALUES ('97', '3', '2020-02-02 16:31:08', '0:0:0:0:0:0:0:1', null, null);
INSERT INTO `ums_admin_login_log` VALUES ('98', '3', '2020-02-02 16:31:25', '0:0:0:0:0:0:0:1', null, null);
INSERT INTO `ums_admin_login_log` VALUES ('99', '3', '2020-02-02 16:31:50', '0:0:0:0:0:0:0:1', null, null);
INSERT INTO `ums_admin_login_log` VALUES ('100', '3', '2020-02-02 16:33:22', '0:0:0:0:0:0:0:1', null, null);
INSERT INTO `ums_admin_login_log` VALUES ('101', '3', '2020-02-02 16:33:41', '0:0:0:0:0:0:0:1', null, null);
INSERT INTO `ums_admin_login_log` VALUES ('102', '3', '2020-02-02 16:34:58', '0:0:0:0:0:0:0:1', null, null);
INSERT INTO `ums_admin_login_log` VALUES ('103', '3', '2020-02-02 16:38:42', '0:0:0:0:0:0:0:1', null, null);
INSERT INTO `ums_admin_login_log` VALUES ('104', '3', '2020-02-02 16:39:41', '0:0:0:0:0:0:0:1', null, null);
INSERT INTO `ums_admin_login_log` VALUES ('105', '3', '2020-02-02 16:42:22', '0:0:0:0:0:0:0:1', null, null);
INSERT INTO `ums_admin_login_log` VALUES ('106', '3', '2020-02-02 16:46:21', '0:0:0:0:0:0:0:1', null, null);
INSERT INTO `ums_admin_login_log` VALUES ('107', '3', '2020-02-02 16:50:23', '0:0:0:0:0:0:0:1', null, null);
INSERT INTO `ums_admin_login_log` VALUES ('108', '3', '2020-02-02 16:51:11', '0:0:0:0:0:0:0:1', null, null);
INSERT INTO `ums_admin_login_log` VALUES ('109', '3', '2020-02-02 16:51:22', '0:0:0:0:0:0:0:1', null, null);
INSERT INTO `ums_admin_login_log` VALUES ('110', '3', '2020-02-02 16:52:00', '0:0:0:0:0:0:0:1', null, null);
INSERT INTO `ums_admin_login_log` VALUES ('111', '3', '2020-02-02 17:01:05', '0:0:0:0:0:0:0:1', null, null);
INSERT INTO `ums_admin_login_log` VALUES ('112', '3', '2020-02-03 10:43:22', '0:0:0:0:0:0:0:1', null, null);
INSERT INTO `ums_admin_login_log` VALUES ('113', '3', '2020-02-03 10:45:29', '0:0:0:0:0:0:0:1', null, null);
INSERT INTO `ums_admin_login_log` VALUES ('114', '3', '2020-02-03 10:46:33', '0:0:0:0:0:0:0:1', null, null);
INSERT INTO `ums_admin_login_log` VALUES ('115', '3', '2020-02-03 10:54:33', '0:0:0:0:0:0:0:1', null, null);
INSERT INTO `ums_admin_login_log` VALUES ('116', '3', '2020-02-03 14:24:47', '0:0:0:0:0:0:0:1', null, null);
INSERT INTO `ums_admin_login_log` VALUES ('117', '3', '2020-02-03 14:25:38', '0:0:0:0:0:0:0:1', null, null);
INSERT INTO `ums_admin_login_log` VALUES ('118', '5', '2020-02-03 15:22:28', '0:0:0:0:0:0:0:1', null, null);
INSERT INTO `ums_admin_login_log` VALUES ('119', '5', '2020-02-03 15:23:00', '0:0:0:0:0:0:0:1', null, null);
INSERT INTO `ums_admin_login_log` VALUES ('120', '5', '2020-02-03 15:24:29', '0:0:0:0:0:0:0:1', null, null);
INSERT INTO `ums_admin_login_log` VALUES ('121', '3', '2020-02-03 15:24:50', '0:0:0:0:0:0:0:1', null, null);
INSERT INTO `ums_admin_login_log` VALUES ('122', '5', '2020-02-03 15:27:18', '0:0:0:0:0:0:0:1', null, null);
INSERT INTO `ums_admin_login_log` VALUES ('123', '3', '2020-02-03 15:27:33', '0:0:0:0:0:0:0:1', null, null);
INSERT INTO `ums_admin_login_log` VALUES ('124', '3', '2020-02-03 15:29:06', '0:0:0:0:0:0:0:1', null, null);
INSERT INTO `ums_admin_login_log` VALUES ('125', '5', '2020-02-03 15:33:25', '0:0:0:0:0:0:0:1', null, null);
INSERT INTO `ums_admin_login_log` VALUES ('126', '3', '2020-02-03 15:33:51', '0:0:0:0:0:0:0:1', null, null);
INSERT INTO `ums_admin_login_log` VALUES ('127', '1', '2020-02-03 15:34:35', '0:0:0:0:0:0:0:1', null, null);
INSERT INTO `ums_admin_login_log` VALUES ('128', '3', '2020-02-03 15:34:47', '0:0:0:0:0:0:0:1', null, null);
INSERT INTO `ums_admin_login_log` VALUES ('129', '3', '2020-02-04 14:14:46', '0:0:0:0:0:0:0:1', null, null);
INSERT INTO `ums_admin_login_log` VALUES ('130', '3', '2020-02-05 10:33:35', '0:0:0:0:0:0:0:1', null, null);
INSERT INTO `ums_admin_login_log` VALUES ('131', '3', '2020-02-05 10:36:21', '0:0:0:0:0:0:0:1', null, null);
INSERT INTO `ums_admin_login_log` VALUES ('132', '3', '2020-02-05 16:34:37', '0:0:0:0:0:0:0:1', null, null);
INSERT INTO `ums_admin_login_log` VALUES ('133', '4', '2020-02-05 16:58:37', '0:0:0:0:0:0:0:1', null, null);
INSERT INTO `ums_admin_login_log` VALUES ('134', '3', '2020-02-05 16:59:03', '0:0:0:0:0:0:0:1', null, null);
INSERT INTO `ums_admin_login_log` VALUES ('135', '3', '2020-02-06 10:25:02', '0:0:0:0:0:0:0:1', null, null);
INSERT INTO `ums_admin_login_log` VALUES ('136', '3', '2020-02-07 14:34:34', '0:0:0:0:0:0:0:1', null, null);
INSERT INTO `ums_admin_login_log` VALUES ('137', '3', '2020-02-07 14:36:20', '0:0:0:0:0:0:0:1', null, null);
INSERT INTO `ums_admin_login_log` VALUES ('138', '1', '2020-02-07 14:43:34', '0:0:0:0:0:0:0:1', null, null);
INSERT INTO `ums_admin_login_log` VALUES ('139', '3', '2020-02-07 15:18:06', '0:0:0:0:0:0:0:1', null, null);
INSERT INTO `ums_admin_login_log` VALUES ('140', '3', '2020-02-07 15:20:07', '0:0:0:0:0:0:0:1', null, null);
INSERT INTO `ums_admin_login_log` VALUES ('141', '3', '2020-02-07 15:22:20', '0:0:0:0:0:0:0:1', null, null);
INSERT INTO `ums_admin_login_log` VALUES ('142', '3', '2020-02-07 15:22:28', '0:0:0:0:0:0:0:1', null, null);
INSERT INTO `ums_admin_login_log` VALUES ('143', '3', '2020-02-07 15:55:11', '0:0:0:0:0:0:0:1', null, null);
INSERT INTO `ums_admin_login_log` VALUES ('144', '3', '2020-02-07 15:56:04', '0:0:0:0:0:0:0:1', null, null);
INSERT INTO `ums_admin_login_log` VALUES ('145', '3', '2020-02-07 15:58:49', '0:0:0:0:0:0:0:1', null, null);
INSERT INTO `ums_admin_login_log` VALUES ('146', '6', '2020-02-07 16:16:21', '0:0:0:0:0:0:0:1', null, null);
INSERT INTO `ums_admin_login_log` VALUES ('147', '7', '2020-02-07 16:16:37', '0:0:0:0:0:0:0:1', null, null);
INSERT INTO `ums_admin_login_log` VALUES ('148', '3', '2020-02-07 16:18:39', '0:0:0:0:0:0:0:1', null, null);
INSERT INTO `ums_admin_login_log` VALUES ('149', '7', '2020-02-07 16:20:06', '0:0:0:0:0:0:0:1', null, null);
INSERT INTO `ums_admin_login_log` VALUES ('150', '3', '2020-02-07 16:20:44', '0:0:0:0:0:0:0:1', null, null);
INSERT INTO `ums_admin_login_log` VALUES ('151', '3', '2020-02-07 16:32:31', '0:0:0:0:0:0:0:1', null, null);
INSERT INTO `ums_admin_login_log` VALUES ('152', '3', '2020-02-07 19:32:34', '0:0:0:0:0:0:0:1', null, null);
INSERT INTO `ums_admin_login_log` VALUES ('153', '3', '2020-02-07 19:32:48', '0:0:0:0:0:0:0:1', null, null);
INSERT INTO `ums_admin_login_log` VALUES ('154', '3', '2020-02-07 19:33:01', '0:0:0:0:0:0:0:1', null, null);
INSERT INTO `ums_admin_login_log` VALUES ('155', '3', '2020-02-07 19:33:06', '0:0:0:0:0:0:0:1', null, null);
INSERT INTO `ums_admin_login_log` VALUES ('156', '3', '2020-02-07 19:33:21', '0:0:0:0:0:0:0:1', null, null);
INSERT INTO `ums_admin_login_log` VALUES ('157', '3', '2020-02-07 19:35:33', '0:0:0:0:0:0:0:1', null, null);
INSERT INTO `ums_admin_login_log` VALUES ('158', '3', '2020-02-07 19:37:10', '0:0:0:0:0:0:0:1', null, null);
INSERT INTO `ums_admin_login_log` VALUES ('159', '3', '2020-02-07 19:37:14', '0:0:0:0:0:0:0:1', null, null);
INSERT INTO `ums_admin_login_log` VALUES ('160', '3', '2020-02-07 19:37:25', '0:0:0:0:0:0:0:1', null, null);
INSERT INTO `ums_admin_login_log` VALUES ('161', '3', '2020-02-07 19:45:41', '0:0:0:0:0:0:0:1', null, null);
INSERT INTO `ums_admin_login_log` VALUES ('162', '3', '2020-02-07 19:47:45', '0:0:0:0:0:0:0:1', null, null);
INSERT INTO `ums_admin_login_log` VALUES ('163', '3', '2020-02-07 20:02:25', '0:0:0:0:0:0:0:1', null, null);
INSERT INTO `ums_admin_login_log` VALUES ('164', '6', '2020-02-07 20:10:55', '0:0:0:0:0:0:0:1', null, null);
INSERT INTO `ums_admin_login_log` VALUES ('165', '6', '2020-02-07 20:11:02', '0:0:0:0:0:0:0:1', null, null);
INSERT INTO `ums_admin_login_log` VALUES ('166', '6', '2020-02-07 20:13:44', '0:0:0:0:0:0:0:1', null, null);
INSERT INTO `ums_admin_login_log` VALUES ('167', '6', '2020-02-07 20:17:14', '0:0:0:0:0:0:0:1', null, null);
INSERT INTO `ums_admin_login_log` VALUES ('168', '3', '2020-02-07 20:17:44', '0:0:0:0:0:0:0:1', null, null);
INSERT INTO `ums_admin_login_log` VALUES ('169', '6', '2020-02-07 20:18:13', '0:0:0:0:0:0:0:1', null, null);
INSERT INTO `ums_admin_login_log` VALUES ('170', '3', '2020-02-10 10:28:14', '0:0:0:0:0:0:0:1', null, null);
INSERT INTO `ums_admin_login_log` VALUES ('171', '3', '2020-02-10 10:45:15', '0:0:0:0:0:0:0:1', null, null);
INSERT INTO `ums_admin_login_log` VALUES ('172', '3', '2020-02-10 10:57:46', '0:0:0:0:0:0:0:1', null, null);
INSERT INTO `ums_admin_login_log` VALUES ('173', '3', '2020-02-10 10:59:06', '0:0:0:0:0:0:0:1', null, null);
INSERT INTO `ums_admin_login_log` VALUES ('174', '3', '2020-02-10 11:04:19', '0:0:0:0:0:0:0:1', null, null);
INSERT INTO `ums_admin_login_log` VALUES ('175', '3', '2020-02-10 11:05:55', '0:0:0:0:0:0:0:1', null, null);
INSERT INTO `ums_admin_login_log` VALUES ('176', '3', '2020-02-10 11:06:45', '0:0:0:0:0:0:0:1', null, null);
INSERT INTO `ums_admin_login_log` VALUES ('177', '3', '2020-02-10 11:07:41', '0:0:0:0:0:0:0:1', null, null);
INSERT INTO `ums_admin_login_log` VALUES ('178', '3', '2020-02-10 11:08:13', '0:0:0:0:0:0:0:1', null, null);
INSERT INTO `ums_admin_login_log` VALUES ('179', '3', '2020-02-10 11:10:02', '0:0:0:0:0:0:0:1', null, null);
INSERT INTO `ums_admin_login_log` VALUES ('180', '6', '2020-02-10 14:25:17', '0:0:0:0:0:0:0:1', null, null);
INSERT INTO `ums_admin_login_log` VALUES ('181', '6', '2020-02-10 14:29:14', '0:0:0:0:0:0:0:1', null, null);
INSERT INTO `ums_admin_login_log` VALUES ('182', '3', '2020-02-10 16:09:16', '0:0:0:0:0:0:0:1', null, null);
INSERT INTO `ums_admin_login_log` VALUES ('183', '3', '2020-02-20 14:39:19', '0:0:0:0:0:0:0:1', null, null);
INSERT INTO `ums_admin_login_log` VALUES ('184', '8', '2020-02-20 17:14:58', '0:0:0:0:0:0:0:1', null, null);
INSERT INTO `ums_admin_login_log` VALUES ('185', '8', '2020-02-20 17:17:04', '0:0:0:0:0:0:0:1', null, null);
INSERT INTO `ums_admin_login_log` VALUES ('186', '8', '2020-02-20 17:17:42', '0:0:0:0:0:0:0:1', null, null);
INSERT INTO `ums_admin_login_log` VALUES ('187', '8', '2020-02-21 10:26:56', '0:0:0:0:0:0:0:1', null, null);
INSERT INTO `ums_admin_login_log` VALUES ('188', '8', '2020-02-21 10:28:54', '0:0:0:0:0:0:0:1', null, null);
INSERT INTO `ums_admin_login_log` VALUES ('189', '8', '2020-02-21 10:32:25', '0:0:0:0:0:0:0:1', null, null);
INSERT INTO `ums_admin_login_log` VALUES ('190', '8', '2020-02-21 10:33:41', '0:0:0:0:0:0:0:1', null, null);
INSERT INTO `ums_admin_login_log` VALUES ('191', '8', '2020-02-21 10:35:58', '0:0:0:0:0:0:0:1', null, null);
INSERT INTO `ums_admin_login_log` VALUES ('192', '8', '2020-02-21 10:36:49', '0:0:0:0:0:0:0:1', null, null);
INSERT INTO `ums_admin_login_log` VALUES ('193', '3', '2020-02-21 11:10:11', '0:0:0:0:0:0:0:1', null, null);
INSERT INTO `ums_admin_login_log` VALUES ('194', '3', '2020-02-25 16:11:13', '0:0:0:0:0:0:0:1', null, null);
INSERT INTO `ums_admin_login_log` VALUES ('195', '3', '2020-02-25 16:46:29', '0:0:0:0:0:0:0:1', null, null);
INSERT INTO `ums_admin_login_log` VALUES ('196', '3', '2020-10-09 18:06:56', '127.0.0.1', null, null);
INSERT INTO `ums_admin_login_log` VALUES ('197', '3', '2020-10-09 18:07:40', '127.0.0.1', null, null);
INSERT INTO `ums_admin_login_log` VALUES ('198', '3', '2020-10-11 17:26:42', '0:0:0:0:0:0:0:1', null, null);
INSERT INTO `ums_admin_login_log` VALUES ('199', '3', '2020-10-11 17:44:10', '0:0:0:0:0:0:0:1', null, null);
INSERT INTO `ums_admin_login_log` VALUES ('200', '3', '2020-10-11 17:45:04', '0:0:0:0:0:0:0:1', null, null);
INSERT INTO `ums_admin_login_log` VALUES ('201', '7', '2020-10-11 17:46:46', '0:0:0:0:0:0:0:1', null, null);
INSERT INTO `ums_admin_login_log` VALUES ('202', '3', '2020-10-11 17:46:56', '0:0:0:0:0:0:0:1', null, null);
INSERT INTO `ums_admin_login_log` VALUES ('203', '3', '2020-10-11 17:47:11', '0:0:0:0:0:0:0:1', null, null);
INSERT INTO `ums_admin_login_log` VALUES ('204', '3', '2020-10-12 01:02:24', '0:0:0:0:0:0:0:1', null, null);
INSERT INTO `ums_admin_login_log` VALUES ('205', '3', '2020-10-14 06:57:00', '0:0:0:0:0:0:0:1', null, null);
INSERT INTO `ums_admin_login_log` VALUES ('206', '3', '2020-10-17 08:22:52', '0:0:0:0:0:0:0:1', null, null);
INSERT INTO `ums_admin_login_log` VALUES ('207', '3', '2020-10-17 13:40:38', '0:0:0:0:0:0:0:1', null, null);
INSERT INTO `ums_admin_login_log` VALUES ('208', '3', '2020-10-17 18:45:35', '0:0:0:0:0:0:0:1', null, null);
INSERT INTO `ums_admin_login_log` VALUES ('209', '3', '2020-10-18 06:19:47', '0:0:0:0:0:0:0:1', null, null);
INSERT INTO `ums_admin_login_log` VALUES ('210', '3', '2020-10-18 10:24:10', '0:0:0:0:0:0:0:1', null, null);
INSERT INTO `ums_admin_login_log` VALUES ('211', '1', '2020-10-18 10:24:39', '0:0:0:0:0:0:0:1', null, null);
INSERT INTO `ums_admin_login_log` VALUES ('212', '3', '2020-10-19 06:53:08', '127.0.0.1', null, null);
INSERT INTO `ums_admin_login_log` VALUES ('213', '3', '2020-10-19 07:01:27', '127.0.0.1', null, null);
INSERT INTO `ums_admin_login_log` VALUES ('214', '3', '2020-10-19 07:01:42', '127.0.0.1', null, null);
INSERT INTO `ums_admin_login_log` VALUES ('215', '3', '2020-10-19 07:01:55', '127.0.0.1', null, null);
INSERT INTO `ums_admin_login_log` VALUES ('216', '1', '2020-10-19 09:20:53', '127.0.0.1', null, null);
INSERT INTO `ums_admin_login_log` VALUES ('217', '3', '2020-10-19 15:01:26', '127.0.0.1', null, null);
INSERT INTO `ums_admin_login_log` VALUES ('218', '3', '2020-10-19 16:40:15', '127.0.0.1', null, null);
INSERT INTO `ums_admin_login_log` VALUES ('219', '10', '2020-10-19 17:08:58', '127.0.0.1', null, null);

-- ----------------------------
-- Table structure for ums_admin_role_relation
-- ----------------------------
DROP TABLE IF EXISTS `ums_admin_role_relation`;
CREATE TABLE `ums_admin_role_relation` (
  `id` bigint(20) NOT NULL AUTO_INCREMENT,
  `admin_id` bigint(20) DEFAULT NULL,
  `role_id` bigint(20) DEFAULT NULL,
  PRIMARY KEY (`id`)
) ENGINE=InnoDB AUTO_INCREMENT=32 DEFAULT CHARSET=utf8 COMMENT='后台用户和角色关系表';

-- ----------------------------
-- Records of ums_admin_role_relation
-- ----------------------------
INSERT INTO `ums_admin_role_relation` VALUES ('26', '3', '5');
INSERT INTO `ums_admin_role_relation` VALUES ('27', '6', '1');
INSERT INTO `ums_admin_role_relation` VALUES ('28', '7', '2');
INSERT INTO `ums_admin_role_relation` VALUES ('30', '4', '5');
INSERT INTO `ums_admin_role_relation` VALUES ('31', '1', '9');

-- ----------------------------
-- Table structure for ums_menu
-- ----------------------------
DROP TABLE IF EXISTS `ums_menu`;
CREATE TABLE `ums_menu` (
  `id` bigint(20) NOT NULL AUTO_INCREMENT,
  `parent_id` bigint(20) DEFAULT NULL COMMENT '父级ID',
  `create_time` datetime DEFAULT NULL COMMENT '创建时间',
  `title` varchar(100) DEFAULT NULL COMMENT '菜单名称',
  `level` int(4) DEFAULT NULL COMMENT '菜单级数',
  `sort` int(4) DEFAULT NULL COMMENT '菜单排序',
  `name` varchar(100) DEFAULT NULL COMMENT '前端名称',
  `icon` varchar(200) DEFAULT NULL COMMENT '前端图标',
  `hidden` int(1) DEFAULT NULL COMMENT '前端隐藏',
  PRIMARY KEY (`id`)
) ENGINE=InnoDB AUTO_INCREMENT=33 DEFAULT CHARSET=utf8 COMMENT='后台菜单表';

-- ----------------------------
-- Records of ums_menu
-- ----------------------------
INSERT INTO `ums_menu` VALUES ('1', '0', '2020-02-02 14:50:36', '商品', '0', '0', 'pms', 'product', '0');
INSERT INTO `ums_menu` VALUES ('2', '1', '2020-02-02 14:51:50', '商品列表', '1', '0', 'product', 'product-list', '0');
INSERT INTO `ums_menu` VALUES ('3', '1', '2020-02-02 14:52:44', '添加商品', '1', '0', 'addProduct', 'product-add', '0');
INSERT INTO `ums_menu` VALUES ('4', '1', '2020-02-02 14:53:51', '商品分类', '1', '0', 'productCate', 'product-cate', '0');
INSERT INTO `ums_menu` VALUES ('5', '1', '2020-02-02 14:54:51', '商品类型', '1', '0', 'productAttr', 'product-attr', '0');
INSERT INTO `ums_menu` VALUES ('6', '1', '2020-02-02 14:56:29', '品牌管理', '1', '0', 'brand', 'product-brand', '0');
INSERT INTO `ums_menu` VALUES ('7', '0', '2020-02-02 16:54:07', '订单', '0', '0', 'oms', 'order', '0');
INSERT INTO `ums_menu` VALUES ('8', '7', '2020-02-02 16:55:18', '订单列表', '1', '0', 'order', 'product-list', '0');
INSERT INTO `ums_menu` VALUES ('9', '7', '2020-02-02 16:56:46', '订单设置', '1', '0', 'orderSetting', 'order-setting', '0');
INSERT INTO `ums_menu` VALUES ('10', '7', '2020-02-02 16:57:39', '退货申请处理', '1', '0', 'returnApply', 'order-return', '0');
INSERT INTO `ums_menu` VALUES ('11', '7', '2020-02-02 16:59:40', '退货原因设置', '1', '0', 'returnReason', 'order-return-reason', '0');
INSERT INTO `ums_menu` VALUES ('12', '0', '2020-02-04 16:18:00', '营销', '0', '0', 'sms', 'sms', '0');
INSERT INTO `ums_menu` VALUES ('13', '12', '2020-02-04 16:19:22', '秒杀活动列表', '1', '0', 'flash', 'sms-flash', '0');
INSERT INTO `ums_menu` VALUES ('14', '12', '2020-02-04 16:20:16', '优惠券列表', '1', '0', 'coupon', 'sms-coupon', '0');
INSERT INTO `ums_menu` VALUES ('16', '12', '2020-02-07 16:22:38', '品牌推荐', '1', '0', 'homeBrand', 'product-brand', '0');
INSERT INTO `ums_menu` VALUES ('17', '12', '2020-02-07 16:23:14', '新品推荐', '1', '0', 'homeNew', 'sms-new', '0');
INSERT INTO `ums_menu` VALUES ('18', '12', '2020-02-07 16:26:38', '人气推荐', '1', '0', 'homeHot', 'sms-hot', '0');
INSERT INTO `ums_menu` VALUES ('19', '12', '2020-02-07 16:28:16', '专题推荐', '1', '0', 'homeSubject', 'sms-subject', '0');
INSERT INTO `ums_menu` VALUES ('20', '12', '2020-02-07 16:28:42', '广告列表', '1', '0', 'homeAdvertise', 'sms-ad', '0');
INSERT INTO `ums_menu` VALUES ('21', '0', '2020-02-07 16:29:13', '权限', '0', '0', 'ums', 'ums', '0');
INSERT INTO `ums_menu` VALUES ('22', '21', '2020-02-07 16:29:51', '用户列表', '1', '0', 'admin', 'ums-admin', '0');
INSERT INTO `ums_menu` VALUES ('23', '21', '2020-02-07 16:30:13', '角色列表', '1', '0', 'role', 'ums-role', '0');
INSERT INTO `ums_menu` VALUES ('24', '21', '2020-02-07 16:30:53', '菜单列表', '1', '0', 'menu', 'ums-menu', '0');
INSERT INTO `ums_menu` VALUES ('25', '21', '2020-02-07 16:31:13', '资源列表', '1', '0', 'resource', 'ums-resource', '0');
INSERT INTO `ums_menu` VALUES ('26', '26', '2020-10-17 08:30:25', '房间', '1', '0', 'room', 'room', '0');
INSERT INTO `ums_menu` VALUES ('27', '26', '2020-10-17 08:32:21', '房间列表', '1', '0', 'room-list', 'room', '0');
INSERT INTO `ums_menu` VALUES ('28', '0', '2020-10-17 08:37:39', '房间', '0', '0', 'rms', 'room', '0');
INSERT INTO `ums_menu` VALUES ('29', '28', '2020-10-17 08:45:47', '房间列表', '1', '0', 'room', 'room', '0');
INSERT INTO `ums_menu` VALUES ('30', '28', '2020-10-17 10:36:22', '添加房间', '1', '0', 'addRoom', 'room', '0');
INSERT INTO `ums_menu` VALUES ('32', '28', '2020-10-17 13:22:34', '修改房间', '1', '0', 'updateRoom', 'room', '1');

-- ----------------------------
-- Table structure for ums_resource
-- ----------------------------
DROP TABLE IF EXISTS `ums_resource`;
CREATE TABLE `ums_resource` (
  `id` bigint(20) NOT NULL AUTO_INCREMENT,
  `create_time` datetime DEFAULT NULL COMMENT '创建时间',
  `name` varchar(200) DEFAULT NULL COMMENT '资源名称',
  `url` varchar(200) DEFAULT NULL COMMENT '资源URL',
  `description` varchar(500) DEFAULT NULL COMMENT '描述',
  `category_id` bigint(20) DEFAULT NULL COMMENT '资源分类ID',
  PRIMARY KEY (`id`)
) ENGINE=InnoDB AUTO_INCREMENT=34 DEFAULT CHARSET=utf8 COMMENT='后台资源表';

-- ----------------------------
-- Records of ums_resource
-- ----------------------------
INSERT INTO `ums_resource` VALUES ('1', '2020-02-04 17:04:55', '商品品牌管理', '/brand/**', null, '1');
INSERT INTO `ums_resource` VALUES ('2', '2020-02-04 17:05:35', '商品属性分类管理', '/productAttribute/**', null, '1');
INSERT INTO `ums_resource` VALUES ('3', '2020-02-04 17:06:13', '商品属性管理', '/productAttribute/**', null, '1');
INSERT INTO `ums_resource` VALUES ('4', '2020-02-04 17:07:15', '商品分类管理', '/productCategory/**', null, '1');
INSERT INTO `ums_resource` VALUES ('5', '2020-02-04 17:09:16', '商品管理', '/product/**', null, '1');
INSERT INTO `ums_resource` VALUES ('6', '2020-02-04 17:09:53', '商品库存管理', '/sku/**', null, '1');
INSERT INTO `ums_resource` VALUES ('8', '2020-02-05 14:43:37', '订单管理', '/order/**', '', '2');
INSERT INTO `ums_resource` VALUES ('9', '2020-02-05 14:44:22', ' 订单退货申请管理', '/returnApply/**', '', '2');
INSERT INTO `ums_resource` VALUES ('10', '2020-02-05 14:45:08', '退货原因管理', '/returnReason/**', '', '2');
INSERT INTO `ums_resource` VALUES ('11', '2020-02-05 14:45:43', '订单设置管理', '/orderSetting/**', '', '2');
INSERT INTO `ums_resource` VALUES ('12', '2020-02-05 14:46:23', '收货地址管理', '/companyAddress/**', '', '2');
INSERT INTO `ums_resource` VALUES ('13', '2020-02-07 16:37:22', '优惠券管理', '/coupon/**', '', '3');
INSERT INTO `ums_resource` VALUES ('14', '2020-02-07 16:37:59', '优惠券领取记录管理', '/couponHistory/**', '', '3');
INSERT INTO `ums_resource` VALUES ('15', '2020-02-07 16:38:28', '限时购活动管理', '/flash/**', '', '3');
INSERT INTO `ums_resource` VALUES ('16', '2020-02-07 16:38:59', '限时购商品关系管理', '/flashProductRelation/**', '', '3');
INSERT INTO `ums_resource` VALUES ('17', '2020-02-07 16:39:22', '限时购场次管理', '/flashSession/**', '', '3');
INSERT INTO `ums_resource` VALUES ('18', '2020-02-07 16:40:07', '首页轮播广告管理', '/home/advertise/**', '', '3');
INSERT INTO `ums_resource` VALUES ('19', '2020-02-07 16:40:34', '首页品牌管理', '/home/brand/**', '', '3');
INSERT INTO `ums_resource` VALUES ('20', '2020-02-07 16:41:06', '首页新品管理', '/home/newProduct/**', '', '3');
INSERT INTO `ums_resource` VALUES ('21', '2020-02-07 16:42:16', '首页人气推荐管理', '/home/recommendProduct/**', '', '3');
INSERT INTO `ums_resource` VALUES ('22', '2020-02-07 16:42:48', '首页专题推荐管理', '/home/recommendSubject/**', '', '3');
INSERT INTO `ums_resource` VALUES ('23', '2020-02-07 16:44:56', ' 商品优选管理', '/prefrenceArea/**', '', '5');
INSERT INTO `ums_resource` VALUES ('24', '2020-02-07 16:45:39', '商品专题管理', '/subject/**', '', '5');
INSERT INTO `ums_resource` VALUES ('25', '2020-02-07 16:47:34', '后台用户管理', '/admin/**', '', '4');
INSERT INTO `ums_resource` VALUES ('26', '2020-02-07 16:48:24', '后台用户角色管理', '/role/**', '', '4');
INSERT INTO `ums_resource` VALUES ('27', '2020-02-07 16:48:48', '后台菜单管理', '/menu/**', '', '4');
INSERT INTO `ums_resource` VALUES ('28', '2020-02-07 16:49:18', '后台资源分类管理', '/resourceCategory/**', '', '4');
INSERT INTO `ums_resource` VALUES ('29', '2020-02-07 16:49:45', '后台资源管理', '/resource/**', '', '4');
INSERT INTO `ums_resource` VALUES ('31', '2020-10-17 08:35:02', '房间管理', '/room/**', '房间管理', '8');
INSERT INTO `ums_resource` VALUES ('32', '2020-10-17 11:48:04', '创建房间', '/addRoom/**', '创建房间', '8');
INSERT INTO `ums_resource` VALUES ('33', '2020-10-17 11:57:57', '修改房间', '/updateRoom/**', '', '8');

-- ----------------------------
-- Table structure for ums_resource_category
-- ----------------------------
DROP TABLE IF EXISTS `ums_resource_category`;
CREATE TABLE `ums_resource_category` (
  `id` bigint(20) NOT NULL AUTO_INCREMENT,
  `create_time` datetime DEFAULT NULL COMMENT '创建时间',
  `name` varchar(200) DEFAULT NULL COMMENT '分类名称',
  `sort` int(4) DEFAULT NULL COMMENT '排序',
  PRIMARY KEY (`id`)
) ENGINE=InnoDB AUTO_INCREMENT=9 DEFAULT CHARSET=utf8 COMMENT='资源分类表';

-- ----------------------------
-- Records of ums_resource_category
-- ----------------------------
INSERT INTO `ums_resource_category` VALUES ('1', '2020-02-05 10:21:44', '商品模块', '0');
INSERT INTO `ums_resource_category` VALUES ('2', '2020-02-05 10:22:34', '订单模块', '0');
INSERT INTO `ums_resource_category` VALUES ('3', '2020-02-05 10:22:48', '营销模块', '0');
INSERT INTO `ums_resource_category` VALUES ('4', '2020-02-05 10:23:04', '权限模块', '1');
INSERT INTO `ums_resource_category` VALUES ('5', '2020-02-07 16:34:27', '内容模块', '0');
INSERT INTO `ums_resource_category` VALUES ('6', '2020-02-07 16:35:49', '其他模块', '0');
INSERT INTO `ums_resource_category` VALUES ('8', '2020-10-17 08:34:30', '房间模块', '1');

-- ----------------------------
-- Table structure for ums_role
-- ----------------------------
DROP TABLE IF EXISTS `ums_role`;
CREATE TABLE `ums_role` (
  `id` bigint(20) NOT NULL AUTO_INCREMENT,
  `name` varchar(100) DEFAULT NULL COMMENT '名称',
  `description` varchar(500) DEFAULT NULL COMMENT '描述',
  `admin_count` int(11) DEFAULT NULL COMMENT '后台用户数量',
  `create_time` datetime DEFAULT NULL COMMENT '创建时间',
  `status` int(1) DEFAULT '1' COMMENT '启用状态：0->禁用；1->启用',
  `sort` int(11) DEFAULT '0',
  PRIMARY KEY (`id`)
) ENGINE=InnoDB AUTO_INCREMENT=10 DEFAULT CHARSET=utf8 COMMENT='后台用户角色表';

-- ----------------------------
-- Records of ums_role
-- ----------------------------
INSERT INTO `ums_role` VALUES ('1', '商品管理员', '只能查看及操作商品', '0', '2020-02-03 16:50:37', '1', '0');
INSERT INTO `ums_role` VALUES ('2', '订单管理员', '只能查看及操作订单', '0', '2018-09-30 15:53:45', '1', '0');
INSERT INTO `ums_role` VALUES ('5', '超级管理员', '拥有所有查看和操作功能', '0', '2020-02-02 15:11:05', '1', '0');
INSERT INTO `ums_role` VALUES ('9', '测试角色', '测试角色', '0', '2020-10-18 10:22:51', '1', '0');

-- ----------------------------
-- Table structure for ums_role_menu_relation
-- ----------------------------
DROP TABLE IF EXISTS `ums_role_menu_relation`;
CREATE TABLE `ums_role_menu_relation` (
  `id` bigint(20) NOT NULL AUTO_INCREMENT,
  `role_id` bigint(20) DEFAULT NULL COMMENT '角色ID',
  `menu_id` bigint(20) DEFAULT NULL COMMENT '菜单ID',
  PRIMARY KEY (`id`)
) ENGINE=InnoDB AUTO_INCREMENT=507 DEFAULT CHARSET=utf8 COMMENT='后台角色菜单关系表';

-- ----------------------------
-- Records of ums_role_menu_relation
-- ----------------------------
INSERT INTO `ums_role_menu_relation` VALUES ('53', '2', '7');
INSERT INTO `ums_role_menu_relation` VALUES ('54', '2', '8');
INSERT INTO `ums_role_menu_relation` VALUES ('55', '2', '9');
INSERT INTO `ums_role_menu_relation` VALUES ('56', '2', '10');
INSERT INTO `ums_role_menu_relation` VALUES ('57', '2', '11');
INSERT INTO `ums_role_menu_relation` VALUES ('96', '1', '1');
INSERT INTO `ums_role_menu_relation` VALUES ('97', '1', '2');
INSERT INTO `ums_role_menu_relation` VALUES ('98', '1', '3');
INSERT INTO `ums_role_menu_relation` VALUES ('99', '1', '4');
INSERT INTO `ums_role_menu_relation` VALUES ('100', '1', '5');
INSERT INTO `ums_role_menu_relation` VALUES ('101', '1', '6');
INSERT INTO `ums_role_menu_relation` VALUES ('102', '1', '8');
INSERT INTO `ums_role_menu_relation` VALUES ('103', '1', '7');
INSERT INTO `ums_role_menu_relation` VALUES ('459', '5', '1');
INSERT INTO `ums_role_menu_relation` VALUES ('460', '5', '2');
INSERT INTO `ums_role_menu_relation` VALUES ('461', '5', '3');
INSERT INTO `ums_role_menu_relation` VALUES ('462', '5', '4');
INSERT INTO `ums_role_menu_relation` VALUES ('463', '5', '5');
INSERT INTO `ums_role_menu_relation` VALUES ('464', '5', '6');
INSERT INTO `ums_role_menu_relation` VALUES ('465', '5', '7');
INSERT INTO `ums_role_menu_relation` VALUES ('466', '5', '8');
INSERT INTO `ums_role_menu_relation` VALUES ('467', '5', '9');
INSERT INTO `ums_role_menu_relation` VALUES ('468', '5', '10');
INSERT INTO `ums_role_menu_relation` VALUES ('469', '5', '11');
INSERT INTO `ums_role_menu_relation` VALUES ('470', '5', '12');
INSERT INTO `ums_role_menu_relation` VALUES ('471', '5', '13');
INSERT INTO `ums_role_menu_relation` VALUES ('472', '5', '14');
INSERT INTO `ums_role_menu_relation` VALUES ('473', '5', '16');
INSERT INTO `ums_role_menu_relation` VALUES ('474', '5', '17');
INSERT INTO `ums_role_menu_relation` VALUES ('475', '5', '18');
INSERT INTO `ums_role_menu_relation` VALUES ('476', '5', '19');
INSERT INTO `ums_role_menu_relation` VALUES ('477', '5', '20');
INSERT INTO `ums_role_menu_relation` VALUES ('478', '5', '21');
INSERT INTO `ums_role_menu_relation` VALUES ('479', '5', '22');
INSERT INTO `ums_role_menu_relation` VALUES ('480', '5', '23');
INSERT INTO `ums_role_menu_relation` VALUES ('481', '5', '24');
INSERT INTO `ums_role_menu_relation` VALUES ('482', '5', '25');
INSERT INTO `ums_role_menu_relation` VALUES ('483', '5', '28');
INSERT INTO `ums_role_menu_relation` VALUES ('484', '5', '29');
INSERT INTO `ums_role_menu_relation` VALUES ('485', '5', '30');
INSERT INTO `ums_role_menu_relation` VALUES ('486', '5', '32');
INSERT INTO `ums_role_menu_relation` VALUES ('503', '9', '28');
INSERT INTO `ums_role_menu_relation` VALUES ('504', '9', '29');
INSERT INTO `ums_role_menu_relation` VALUES ('505', '9', '30');
INSERT INTO `ums_role_menu_relation` VALUES ('506', '9', '32');

-- ----------------------------
-- Table structure for ums_role_resource_relation
-- ----------------------------
DROP TABLE IF EXISTS `ums_role_resource_relation`;
CREATE TABLE `ums_role_resource_relation` (
  `id` bigint(20) NOT NULL AUTO_INCREMENT,
  `role_id` bigint(20) DEFAULT NULL COMMENT '角色ID',
  `resource_id` bigint(20) DEFAULT NULL COMMENT '资源ID',
  PRIMARY KEY (`id`)
) ENGINE=InnoDB AUTO_INCREMENT=392 DEFAULT CHARSET=utf8 COMMENT='后台角色资源关系表';

-- ----------------------------
-- Records of ums_role_resource_relation
-- ----------------------------
INSERT INTO `ums_role_resource_relation` VALUES ('103', '2', '8');
INSERT INTO `ums_role_resource_relation` VALUES ('104', '2', '9');
INSERT INTO `ums_role_resource_relation` VALUES ('105', '2', '10');
INSERT INTO `ums_role_resource_relation` VALUES ('106', '2', '11');
INSERT INTO `ums_role_resource_relation` VALUES ('107', '2', '12');
INSERT INTO `ums_role_resource_relation` VALUES ('187', '1', '1');
INSERT INTO `ums_role_resource_relation` VALUES ('188', '1', '2');
INSERT INTO `ums_role_resource_relation` VALUES ('189', '1', '3');
INSERT INTO `ums_role_resource_relation` VALUES ('190', '1', '4');
INSERT INTO `ums_role_resource_relation` VALUES ('191', '1', '5');
INSERT INTO `ums_role_resource_relation` VALUES ('192', '1', '6');
INSERT INTO `ums_role_resource_relation` VALUES ('193', '1', '23');
INSERT INTO `ums_role_resource_relation` VALUES ('194', '1', '24');
INSERT INTO `ums_role_resource_relation` VALUES ('195', '1', '31');
INSERT INTO `ums_role_resource_relation` VALUES ('346', '5', '1');
INSERT INTO `ums_role_resource_relation` VALUES ('347', '5', '2');
INSERT INTO `ums_role_resource_relation` VALUES ('348', '5', '3');
INSERT INTO `ums_role_resource_relation` VALUES ('349', '5', '4');
INSERT INTO `ums_role_resource_relation` VALUES ('350', '5', '5');
INSERT INTO `ums_role_resource_relation` VALUES ('351', '5', '6');
INSERT INTO `ums_role_resource_relation` VALUES ('352', '5', '8');
INSERT INTO `ums_role_resource_relation` VALUES ('353', '5', '9');
INSERT INTO `ums_role_resource_relation` VALUES ('354', '5', '10');
INSERT INTO `ums_role_resource_relation` VALUES ('355', '5', '11');
INSERT INTO `ums_role_resource_relation` VALUES ('356', '5', '12');
INSERT INTO `ums_role_resource_relation` VALUES ('357', '5', '13');
INSERT INTO `ums_role_resource_relation` VALUES ('358', '5', '14');
INSERT INTO `ums_role_resource_relation` VALUES ('359', '5', '15');
INSERT INTO `ums_role_resource_relation` VALUES ('360', '5', '16');
INSERT INTO `ums_role_resource_relation` VALUES ('361', '5', '17');
INSERT INTO `ums_role_resource_relation` VALUES ('362', '5', '18');
INSERT INTO `ums_role_resource_relation` VALUES ('363', '5', '19');
INSERT INTO `ums_role_resource_relation` VALUES ('364', '5', '20');
INSERT INTO `ums_role_resource_relation` VALUES ('365', '5', '21');
INSERT INTO `ums_role_resource_relation` VALUES ('366', '5', '22');
INSERT INTO `ums_role_resource_relation` VALUES ('367', '5', '23');
INSERT INTO `ums_role_resource_relation` VALUES ('368', '5', '24');
INSERT INTO `ums_role_resource_relation` VALUES ('369', '5', '25');
INSERT INTO `ums_role_resource_relation` VALUES ('370', '5', '26');
INSERT INTO `ums_role_resource_relation` VALUES ('371', '5', '27');
INSERT INTO `ums_role_resource_relation` VALUES ('372', '5', '28');
INSERT INTO `ums_role_resource_relation` VALUES ('373', '5', '29');
INSERT INTO `ums_role_resource_relation` VALUES ('374', '5', '31');
INSERT INTO `ums_role_resource_relation` VALUES ('375', '5', '32');
INSERT INTO `ums_role_resource_relation` VALUES ('376', '5', '33');
INSERT INTO `ums_role_resource_relation` VALUES ('389', '9', '31');
INSERT INTO `ums_role_resource_relation` VALUES ('390', '9', '32');
INSERT INTO `ums_role_resource_relation` VALUES ('391', '9', '33');
